time,source,destination,status
1,79,14,up
1,79,14,down
49,14,79,up
49,14,79,down
2252,14,20,up
2252,14,20,down
2455,7,94,up
2455,7,80,up
2455,7,94,down
2455,7,80,down
2532,80,94,up
2759,28,4,up
2759,28,4,down
2845,80,94,down
3317,28,94,up
3407,7,4,up
3407,7,38,up
3407,7,4,down
3407,7,38,down
3463,28,38,up
3567,38,94,up
3888,38,28,up
4037,6,13,up
4037,6,13,down
4106,13,6,up
4291,28,13,up
4291,28,13,down
4370,6,20,up
4422,13,6,down
4442,80,13,up
4758,13,80,up
4911,15,79,up
4911,15,79,down
5018,7,80,up
5018,7,80,down
5127,14,6,up
5127,14,6,down
5175,28,70,up
5175,28,68,up
5175,28,70,down
5208,38,70,up
5208,38,68,up
5208,38,70,down
5396,80,7,up
5396,80,7,down
5530,28,68,down
5545,38,68,down
5545,38,28,down
5627,68,94,up
5627,68,28,up
5627,68,94,down
5627,68,28,down
6055,13,7,up
6055,13,7,down
6301,28,70,up
6301,28,70,down
6381,80,70,up
6381,80,70,down
6394,70,28,up
6394,70,28,down
6843,38,28,up
7380,7,70,up
7380,7,80,up
7380,7,70,down
7409,28,70,up
7456,28,70,down
7536,38,70,up
7554,28,41,up
7661,80,41,up
7664,13,70,up
7664,13,70,down
7690,70,94,up
7690,70,38,up
7690,70,94,down
7713,7,80,down
7938,38,41,up
7938,38,56,up
7938,38,41,down
7974,28,56,up
8004,80,56,up
8004,80,7,up
8004,80,41,down
8008,70,38,down
8115,28,88,up
8203,56,80,up
8263,38,88,up
8263,38,70,down
8263,38,88,down
8316,13,7,up
8316,13,7,down
8343,28,88,down
8364,80,84,up
8364,80,56,down
8364,80,7,down
8510,28,70,up
8510,28,70,down
8533,88,70,up
8533,88,80,up
8533,88,84,up
8533,88,80,down
8564,28,2,up
8614,38,2,up
8687,70,84,up
8687,70,88,up
8696,7,88,up
8696,7,88,down
8732,28,26,up
8732,28,57,up
8846,88,70,down
8846,88,84,down
8869,56,28,up
8869,56,41,up
8980,38,26,up
8980,38,57,up
8980,38,26,down
9033,7,41,up
9033,7,41,down
9048,80,84,down
9165,28,26,down
9210,56,2,up
9210,56,13,up
9296,38,2,down
9296,38,57,down
9296,38,56,down
9347,13,56,up
9377,80,41,up
9465,88,70,up
9465,88,7,up
9465,88,84,up
9525,28,2,down
9555,56,94,up
9555,56,38,up
9555,56,57,up
9555,56,2,down
9555,56,94,down
9555,56,38,down
9555,56,57,down
9555,56,28,down
9568,28,57,down
9605,57,2,up
9605,57,94,up
9605,57,38,up
9605,57,28,up
9605,57,2,down
9605,57,94,down
9605,57,38,down
9605,57,28,down
9672,7,6,up
9672,7,20,up
9672,7,6,down
9672,7,20,down
9677,13,41,up
9677,13,41,down
9719,80,56,up
9719,80,41,down
9733,6,7,up
9733,6,7,down
9886,14,41,up
9886,14,41,down
9903,56,13,down
9974,38,94,down
10015,13,84,up
10015,13,84,down
10060,80,7,up
10099,7,88,up
10219,56,41,down
10288,28,94,down
10325,38,13,up
10325,38,13,down
10350,13,80,down
10350,13,56,down
10403,80,94,up
10403,80,94,down
10403,80,13,down
10403,80,56,down
10427,7,80,up
10532,56,80,down
10626,70,84,down
10626,70,88,down
10645,38,56,up
10736,88,70,down
10860,56,38,up
10860,56,28,up
10860,56,38,down
10860,56,28,down
10958,38,56,down
10998,28,56,down
11037,80,7,down
11086,7,80,down
11293,38,41,up
11378,80,84,up
11378,80,84,down
11405,7,88,down
11489,14,41,up
11489,14,41,down
11676,88,7,down
11963,6,20,down
12001,4,56,up
12153,56,4,up
12266,38,28,down
12285,6,77,up
12285,6,77,down
12302,95,7,up
12302,95,7,down
12315,4,56,down
12445,14,96,up
12445,14,96,down
12467,56,4,down
12509,28,56,up
12664,6,94,up
12664,6,56,up
12664,6,94,down
12688,28,94,up
12741,28,82,up
12741,28,85,up
12741,28,82,down
12813,85,94,up
12813,85,41,up
12813,85,82,up
12813,85,28,up
12813,85,56,up
12813,85,94,down
12813,85,41,down
12813,85,82,down
12820,56,41,up
12820,56,82,up
12820,56,94,up
12820,56,85,up
12820,56,28,up
12820,56,41,down
12820,56,82,down
12820,56,94,down
12888,28,38,down
12933,28,41,down
12933,28,94,down
12956,38,85,up
12956,38,56,up
12956,38,94,up
12956,38,85,down
12956,38,56,down
13338,58,41,up
13338,58,38,up
13338,58,94,up
13338,58,82,up
13338,58,41,down
13575,95,70,up
13575,95,70,down
13716,38,41,down
13795,70,95,up
13982,58,28,up
13982,58,85,up
13982,58,56,up
14076,38,58,up
14076,38,82,up
14123,28,58,up
14123,28,82,up
14123,28,94,up
14123,28,38,up
14129,85,94,up
14129,85,38,up
14129,85,82,up
14129,85,58,up
14193,88,84,down
14405,38,85,up
14405,38,56,up
14409,28,41,up
14481,56,94,up
14481,56,41,up
14481,56,82,up
14481,56,38,up
14481,56,58,up
14614,58,41,up
14724,38,28,up
14734,70,95,down
14927,58,41,down
15047,38,41,up
15047,38,41,down
15064,6,20,up
15064,6,85,up
15064,6,77,up
15064,6,20,down
15064,6,85,down
15064,6,56,down
15078,85,41,up
15078,85,41,down
15244,58,95,up
15244,58,95,down
15495,28,95,up
15497,95,70,up
15664,14,77,up
15664,14,20,up
15664,14,6,up
15695,38,95,up
15719,85,95,up
15754,56,95,up
15813,95,70,down
15850,70,82,up
15850,70,84,up
15850,70,82,down
15891,58,7,up
15891,58,7,down
15942,28,41,down
15987,28,13,up
16013,6,14,up
16031,38,13,up
16031,38,13,down
16031,28,13,down
16067,56,41,down
16116,80,13,up
16165,28,7,up
16165,28,80,up
16165,28,7,down
16165,28,80,down
16174,70,7,up
16280,7,84,up
16280,7,70,up
16280,7,84,down
16291,14,77,down
16291,14,20,down
16291,14,6,down
16326,6,14,down
16326,6,77,down
16395,13,38,up
16395,13,84,up
16395,13,80,up
16395,13,38,down
16402,56,94,down
16402,56,95,down
16402,56,82,down
16402,56,85,down
16402,56,38,down
16402,56,28,down
16402,56,58,down
16432,80,95,up
16522,58,95,up
16619,95,56,up
16619,95,82,up
16619,95,80,up
16619,95,85,up
16619,95,13,up
16619,95,38,up
16619,95,94,up
16619,95,28,up
16619,95,56,down
16619,95,82,down
16736,13,28,up
16736,13,28,down
16801,70,7,down
16861,56,28,up
16861,56,95,up
16861,56,85,up
16861,56,58,up
16861,56,94,up
16861,56,82,up
16861,56,38,up
16861,56,28,down
16863,58,41,up
16863,58,13,up
16863,58,95,down
16863,58,41,down
16863,58,13,down
16863,58,28,down
16905,7,70,down
16994,38,28,down
16998,85,95,down
16998,85,28,down
17008,95,58,up
17008,95,58,down
17008,95,80,down
17008,95,85,down
17057,13,95,up
17075,80,95,down
17076,28,56,down
17076,28,58,down
17076,28,82,down
17125,28,85,down
17185,58,77,up
17208,56,13,up
17208,56,80,up
17208,56,95,down
17208,56,13,down
17208,56,80,down
17316,85,77,up
17378,95,7,up
17378,95,13,down
17378,95,7,down
17378,95,38,down
17378,95,94,down
17409,38,7,up
17409,38,77,up
17409,38,7,down
17409,38,95,down
17416,13,82,up
17416,13,85,up
17416,13,56,up
17416,13,82,down
17416,13,84,down
17416,13,85,down
17416,13,56,down
17505,94,85,up
17505,94,56,up
17505,94,77,up
17505,94,58,up
17505,94,82,up
17524,56,77,up
17753,28,13,up
17753,28,13,down
17823,94,38,up
17953,28,2,up
18009,28,41,up
18024,80,70,up
18040,95,2,up
18040,95,41,up
18040,95,2,down
18040,95,28,down
18051,13,70,up
18051,13,95,down
18069,70,13,up
18069,70,80,up
18097,28,2,down
18097,28,95,down
18152,58,28,up
18152,58,85,down
18179,7,95,up
18179,7,95,down
18262,85,94,down
18262,85,38,down
18262,85,77,down
18262,85,82,down
18262,85,56,down
18262,85,58,down
18320,28,85,up
18320,28,56,up
18320,28,58,up
18320,28,77,up
18320,28,82,up
18320,28,41,down
18337,80,70,down
18353,38,85,down
18418,70,95,up
18418,70,95,down
18418,70,13,down
18418,70,80,down
18451,94,85,down
18476,58,6,up
18476,58,6,down
18477,56,85,down
18500,28,85,down
18658,28,6,up
18658,28,6,down
18671,38,28,up
18675,95,85,up
18675,95,85,down
18695,13,70,down
18739,80,84,up
18739,80,41,up
18739,80,7,up
18739,80,84,down
18771,94,28,up
18807,56,6,up
18807,56,28,up
18807,56,6,down
18870,6,20,up
18870,6,20,down
19018,95,13,up
19018,95,80,up
19018,95,13,down
19018,95,80,down
19027,13,84,up
19027,13,84,down
19153,7,13,up
19331,95,41,down
19375,80,96,up
19375,80,96,down
19386,13,95,up
19460,70,96,up
19614,7,96,up
19614,7,70,up
19614,7,96,down
19614,7,13,down
19619,38,28,down
19619,38,56,down
19619,38,58,down
19619,38,77,down
19619,38,82,down
19619,38,94,down
19729,58,28,down
19732,13,41,up
19732,13,41,down
19891,80,41,down
19891,80,7,down
20014,38,28,up
20014,38,77,up
20014,38,56,up
20014,38,58,up
20014,38,82,up
20014,38,94,up
20101,70,88,up
20101,70,96,down
20202,88,96,up
20202,88,70,up
20202,88,84,up
20202,88,96,down
20261,7,88,up
20261,7,70,down
20261,7,88,down
20327,38,28,down
20350,94,28,down
20356,58,38,down
20370,13,96,up
20370,13,96,down
20404,28,56,down
20404,28,58,down
20404,28,77,down
20404,28,82,down
20404,28,94,down
20413,56,28,down
20567,28,7,up
20640,38,77,down
20640,38,56,down
20640,38,58,down
20663,94,56,down
20669,58,77,down
20689,13,95,down
20726,56,58,down
20726,56,77,down
20726,56,94,down
20731,70,7,up
20811,14,38,up
20811,14,38,down
20838,88,7,up
20909,80,95,up
20909,80,38,up
20914,28,13,up
20914,28,70,up
20914,28,80,up
20914,28,84,up
20914,28,88,up
20914,28,38,down
20958,95,38,up
20977,94,77,down
21014,58,95,up
21014,58,4,up
21014,58,94,down
21014,58,95,down
21014,58,56,down
21014,58,4,down
21029,13,7,up
21029,13,84,up
21029,13,7,down
21030,38,13,up
21030,38,80,up
21030,38,13,down
21030,38,80,down
21211,56,13,up
21211,56,7,up
21211,56,95,up
21211,56,13,down
21211,56,7,down
21211,56,82,down
21211,56,38,down
21298,28,85,up
21346,13,38,up
21346,13,38,down
21361,94,17,up
21361,94,13,up
21361,94,95,up
21361,94,58,down
21362,28,95,up
21456,28,80,down
21469,85,94,up
21469,85,95,up
21469,85,17,up
21469,85,38,up
21469,85,58,up
21469,85,94,down
21469,85,17,down
21469,85,58,down
21471,7,70,up
21471,7,84,up
21471,7,28,up
21471,7,88,up
21471,7,70,down
21471,7,84,down
21471,7,28,down
21471,7,88,down
21552,56,4,up
21623,95,13,up
21623,95,82,up
21623,95,17,up
21623,95,85,up
21623,95,94,up
21623,95,13,down
21656,80,7,up
21656,80,82,up
21656,80,28,up
21656,80,17,up
21656,80,95,down
21656,80,38,down
21656,80,28,down
21660,28,94,up
21667,13,82,up
21667,13,17,up
21667,13,82,down
21679,38,85,up
21729,94,80,up
21729,94,85,up
21774,4,56,up
21774,4,56,down
21782,85,95,down
21782,85,38,down
21805,28,82,up
21811,88,94,up
21811,88,94,down
21866,56,4,down
21898,28,13,down
21898,28,84,down
21958,95,80,up
21958,95,80,down
21958,95,82,down
21969,80,7,down
21969,80,82,down
22006,70,77,up
22006,70,77,down
22030,28,56,up
22030,28,77,up
22030,28,7,down
22030,28,70,down
22030,28,77,down
22030,28,88,down
22030,28,94,down
22042,38,7,up
22042,38,28,up
22042,13,94,up
22042,13,95,up
22042,38,7,down
22042,13,94,down
22042,13,95,down
22105,28,38,up
22105,28,95,down
22124,94,7,up
22124,94,56,up
22124,94,7,down
22124,94,17,down
22124,94,13,down
22124,94,80,down
22138,88,77,up
22138,88,77,down
22151,28,56,down
22151,28,82,down
22151,28,85,down
22151,28,38,down
22204,56,77,up
22204,56,17,up
22204,56,77,down
22229,7,70,up
22229,7,13,up
22229,7,80,up
22229,7,88,up
22229,7,70,down
22229,7,13,down
22229,7,80,down
22237,85,82,up
22237,85,28,up
22237,85,94,up
22237,85,56,up
22237,85,95,up
22237,85,38,up
22237,85,82,down
22293,95,28,up
22293,95,56,up
22322,70,7,down
22386,14,77,up
22399,28,82,up
22399,28,56,up
22399,28,94,up
22399,28,17,up
22399,28,38,up
22399,28,85,up
22451,94,28,up
22487,28,42,up
22542,7,88,down
22551,56,28,up
22551,56,38,up
22551,56,94,up
22591,85,13,up
22591,85,17,up
22591,85,13,down
22627,28,95,up
22672,95,42,up
22672,95,41,up
22672,95,42,down
22672,95,41,down
22672,95,85,down
22672,95,38,down
22674,13,85,up
22709,38,42,up
22709,38,56,up
22709,38,95,up
22709,38,42,down
22764,88,7,down
22764,28,42,down
22845,94,42,up
22845,94,42,down
22845,94,82,down
22868,56,85,up
22893,42,94,up
22893,42,95,up
22893,42,38,up
22893,42,82,up
22893,42,85,up
22893,42,56,up
22893,42,28,up
22893,42,94,down
22893,42,95,down
22893,42,38,down
22893,42,82,down
22893,42,85,down
22893,42,56,down
22893,42,28,down
22914,80,85,up
22914,80,85,down
22932,85,17,down
22985,28,13,up
22987,13,85,down
22996,95,17,down
22996,95,28,down
22996,95,56,down
22996,95,94,down
23045,38,28,down
23120,28,82,down
23165,94,28,down
23202,56,41,up
23202,56,82,up
23202,56,41,down
23202,56,82,down
23245,85,28,down
23267,80,82,up
23267,80,82,down
23332,95,94,up
23332,95,56,up
23332,95,38,up
23332,95,94,down
23332,95,56,down
23332,95,38,down
23370,13,95,up
23387,38,82,down
23485,7,20,up
23485,7,20,down
23622,28,41,up
23684,42,41,up
23684,42,41,down
23684,14,77,down
23701,38,94,down
23701,38,56,down
23709,28,13,down
23753,28,41,down
23836,56,28,down
23836,56,85,down
23836,56,38,down
23838,58,82,down
23903,85,94,down
23903,85,56,down
23907,95,94,up
23907,95,56,up
23907,95,13,up
23907,95,38,up
23907,95,17,up
23907,95,85,up
23907,95,94,down
23907,95,56,down
24029,4,77,up
24131,28,56,down
24131,28,94,down
24165,56,13,up
24165,56,80,up
24165,56,13,down
24165,56,80,down
24166,94,13,up
24166,94,17,up
24166,94,80,up
24166,94,13,down
24166,94,17,down
24166,94,80,down
24240,80,56,up
24240,80,56,down
24249,85,17,up
24249,85,17,down
24341,88,80,up
24341,88,80,down
24385,38,28,up
24385,38,28,down
24423,42,80,up
24423,42,80,down
24429,13,56,up
24429,13,56,down
24450,7,95,up
24450,7,85,up
24450,7,38,up
24450,7,95,down
24450,7,85,down
24450,7,38,down
24507,56,96,up
24529,94,96,up
24529,94,96,down
24555,96,56,up
24599,28,7,up
24599,28,7,down
24600,80,7,up
24600,80,95,up
24600,85,7,up
24600,85,28,up
24600,85,7,down
24740,42,7,up
24755,28,80,up
24820,56,96,down
24842,13,7,up
24842,13,7,down
24845,70,7,up
24869,28,14,up
24869,28,77,up
24869,28,14,down
24869,28,77,down
24890,96,94,up
24890,96,94,down
24890,96,56,down
24913,80,7,down
24913,80,95,down
24969,4,77,down
24973,88,7,up
25106,28,94,up
25123,7,70,up
25123,7,42,up
25123,7,80,up
25123,7,88,up
25123,7,70,down
25123,7,42,down
25123,7,80,down
25123,7,88,down
25153,28,56,up
25158,70,7,down
25179,94,28,up
25197,95,94,up
25197,95,56,up
25203,56,28,up
25203,56,38,up
25203,56,85,up
25286,88,7,down
25307,85,94,up
25307,85,56,up
25355,38,56,up
25355,38,94,up
25369,42,7,down
25423,28,13,up
25423,28,13,down
25423,28,80,down
25474,13,95,down
25474,13,17,down
25474,13,80,down
25474,13,84,down
25512,14,77,up
25647,6,7,up
25647,6,20,up
25647,6,7,down
25647,6,20,down
25831,94,56,down
25874,80,82,up
25874,80,84,up
25890,13,84,up
25890,13,95,up
25890,13,17,up
25890,13,80,up
25890,13,84,down
25903,56,82,up
25903,56,80,up
25903,56,28,down
25903,56,94,down
25960,85,28,down
25995,38,56,down
26176,95,28,up
26224,56,38,down
26275,13,82,up
26315,38,28,up
26315,38,28,down
26321,85,17,up
26321,85,94,down
26321,85,95,down
26321,85,17,down
26321,85,38,down
26321,85,56,down
26390,42,6,up
26390,42,6,down
26465,14,77,down
26506,80,56,up
26506,80,82,down
26544,28,15,up
26561,56,82,down
26588,13,82,down
26603,15,38,up
26603,15,13,up
26603,15,95,up
26603,15,17,up
26603,15,56,up
26603,15,80,up
26603,15,38,down
26662,85,94,up
26662,85,95,up
26662,85,38,up
26662,85,15,up
26662,85,56,up
26662,85,94,down
26662,85,95,down
26662,85,38,down
26662,85,15,down
26662,85,56,down
26849,95,15,up
26849,95,80,up
26930,56,15,up
27142,80,15,up
27154,28,15,down
27172,88,70,down
27172,88,84,down
27222,6,77,up
27230,15,13,down
27242,13,15,up
27349,56,13,up
27349,56,94,up
27349,56,28,up
27372,70,88,down
27396,42,56,up
27396,42,56,down
27466,85,94,up
27466,85,17,up
27466,85,95,up
27466,85,38,up
27466,85,56,up
27466,85,28,up
27474,80,95,up
27474,80,56,down
27522,95,88,up
27522,95,13,down
27525,28,88,up
27606,13,56,up
27606,13,15,down
27619,38,28,up
27710,56,42,up
27710,56,88,up
27710,56,42,down
27710,56,88,down
27791,85,88,up
27884,88,15,up
27884,88,85,up
27884,88,28,up
27884,88,94,up
27884,88,95,up
27884,88,56,up
27884,88,17,up
27884,88,15,down
27903,15,95,down
27903,15,17,down
27903,15,56,down
27903,15,80,down
27956,13,88,up
27956,13,56,down
27956,13,88,down
27985,28,17,down
28096,94,88,up
28096,94,56,up
28096,94,88,down
28105,85,88,down
28115,80,13,down
28115,80,15,down
28115,80,84,down
28115,80,95,down
28178,95,15,down
28178,95,88,down
28188,28,15,up
28188,28,15,down
28232,28,88,down
28246,88,38,up
28246,88,85,down
28246,88,38,down
28246,88,28,down
28246,88,94,down
28246,88,95,down
28246,88,56,down
28324,38,15,up
28324,38,56,up
28324,38,15,down
28416,56,82,up
28416,56,38,up
28416,56,15,down
28424,85,94,down
28431,80,82,up
28494,95,80,down
28554,6,20,up
28554,6,20,down
28607,13,84,up
28607,13,82,up
28607,13,84,down
28744,80,82,down
28766,56,13,down
28766,56,80,down
28766,56,82,down
28833,95,13,up
28833,95,94,down
28894,88,13,up
28894,88,84,up
28894,88,70,up
28894,88,13,down
28894,88,17,down
28920,13,82,down
28993,38,94,down
29008,42,88,up
29057,28,94,down
29127,94,13,up
29127,94,17,up
29127,94,13,down
29127,94,17,down
29127,94,28,down
29127,94,56,down
29127,94,85,down
29127,94,38,down
29127,94,95,down
29148,56,94,down
29261,70,88,up
29322,42,88,down
29441,80,95,up
29441,80,13,up
29441,80,95,down
29522,28,17,up
29695,42,80,up
29695,42,80,down
29765,80,84,up
29765,80,17,down
29765,80,84,down
29815,95,13,down
29887,88,42,up
29887,88,42,down
29893,6,80,up
29893,6,80,down
30111,80,7,up
30111,80,7,down
30202,88,7,up
30202,88,7,down
30202,88,84,down
30206,6,77,down
30225,70,7,up
30225,70,7,down
30225,70,84,down
30281,7,88,up
30281,7,42,up
30281,7,88,down
30327,13,70,up
30327,13,42,up
30327,13,7,up
30327,13,84,up
30327,13,88,up
30327,13,95,down
30327,13,70,down
30327,13,42,down
30327,13,17,down
30327,13,7,down
30327,13,84,down
30327,13,88,down
30458,56,17,down
30539,70,88,down
30771,42,6,up
30771,42,7,up
30771,42,6,down
30871,14,79,up
31036,79,14,up
31126,56,28,down
31126,56,85,down
31126,56,38,down
31126,56,95,down
31428,95,28,down
31473,56,95,up
31473,56,17,up
31473,56,38,up
31473,56,28,up
31473,56,95,down
31473,56,17,down
31473,56,38,down
31473,56,28,down
31929,38,95,down
31996,80,6,up
32040,85,17,down
32055,95,38,down
32090,88,58,up
32090,88,58,down
32132,6,13,up
32132,6,13,down
32166,56,95,up
32166,56,17,up
32166,56,85,up
32166,56,38,up
32166,56,28,up
32207,13,6,up
32627,80,6,down
32839,13,6,down
32841,56,95,down
32841,56,17,down
32841,56,38,down
32917,38,85,down
32917,38,56,down
32917,38,28,down
32987,85,95,down
32987,85,38,down
33051,95,28,up
33051,95,17,down
33051,95,56,down
33051,95,85,down
33051,95,28,down
33101,28,38,down
33166,28,42,up
33166,28,17,down
33166,28,42,down
33166,28,95,down
33189,56,85,down
33251,38,95,up
33251,38,95,down
33262,28,4,up
33306,85,4,up
33306,85,4,down
33306,85,56,down
33306,85,28,down
33403,28,85,down
33447,28,4,down
33502,56,28,down
33551,7,84,up
33551,7,42,down
33551,7,84,down
33714,42,7,down
33886,80,13,down
33990,70,95,up
34096,13,80,down
34213,80,17,up
34213,80,17,down
34368,42,80,up
34368,42,80,down
34754,56,28,up
34754,56,28,down
34919,88,95,up
34919,88,70,down
34932,95,88,up
34952,70,88,up
35251,95,70,up
35251,95,70,down
35270,14,79,down
35429,79,14,down
35578,70,95,down
35578,70,88,down
36152,28,56,down
36171,88,95,down
36194,95,88,down
36691,61,85,up
36691,61,85,down
36834,85,61,up
36834,85,61,down
50423,28,77,up
50423,28,77,down
52033,28,77,up
80077,28,77,down
80277,28,77,up
83424,28,77,down
86704,28,5,up
86790,5,28,up
87103,5,28,down
87136,88,70,up
87347,70,88,up
87347,70,88,down
88280,28,94,up
88351,28,80,up
88351,28,80,down
88783,15,5,up
88930,28,15,up
89091,94,14,up
89091,94,15,up
89091,94,28,up
89091,94,14,down
89091,94,15,down
89130,15,28,up
89130,15,28,down
89181,80,6,up
89181,80,6,down
89251,6,20,up
89251,6,20,down
89419,28,5,down
89721,94,28,down
89812,80,5,up
89812,80,5,down
89944,28,14,up
89944,28,80,up
89944,28,14,down
89944,28,80,down
90397,15,28,up
90678,38,94,up
90727,28,38,up
90731,15,13,up
91096,28,15,down
91112,15,38,up
91112,15,5,down
91112,15,13,down
91112,15,38,down
91112,15,28,down
91400,13,5,up
91550,15,20,up
91550,15,20,down
91969,38,28,up
91969,38,94,down
91969,38,28,down
92149,28,38,down
92335,28,5,up
92473,88,70,down
92986,28,5,down
93009,70,38,up
93362,94,28,up
93655,13,5,down
93711,94,28,down
94461,7,84,up
94461,7,84,down
95155,38,70,up
95580,70,38,down
95592,13,5,up
97040,38,70,down
97164,70,38,up
97164,70,38,down
97473,80,20,up
97473,80,84,up
97473,80,5,up
97473,80,13,up
97473,80,20,down
97473,80,84,down
97505,88,84,up
97582,28,70,up
97713,28,70,down
97786,80,5,down
97808,70,13,up
97808,70,84,up
97808,70,88,up
97808,70,13,down
97833,88,70,up
97844,13,80,up
97860,28,57,up
97905,28,38,up
98033,28,5,up
98055,38,94,up
98055,38,57,up
98055,38,94,down
98055,38,57,down
98157,13,5,down
98178,28,94,down
98235,28,26,up
98284,57,38,up
98284,57,28,up
98284,57,26,up
98284,57,38,down
98284,57,28,down
98376,38,26,up
98376,38,5,up
98376,38,26,down
98446,70,84,down
98446,70,88,down
98460,88,70,down
98470,13,80,down
98516,28,26,down
98516,28,57,down
98662,26,70,up
98662,26,57,up
98662,26,70,down
98698,38,28,up
98784,88,80,up
98784,88,80,down
98803,7,13,up
98803,7,80,up
98803,7,84,up
98803,7,88,up
98803,7,13,down
98803,7,80,down
98803,7,84,down
98803,7,88,down
98975,26,57,down
99015,38,5,down
99087,80,20,up
99398,28,5,down
99416,13,5,up
99793,80,84,up
99793,80,5,up
99793,80,20,down
99793,80,84,down
99850,26,57,up
100368,13,80,up
100667,88,84,down
101293,70,57,up
101293,70,57,down
101305,28,94,up
101340,38,94,up
101402,80,94,up
101402,94,5,up
101402,94,13,up
101402,94,80,up
101402,94,28,up
101402,94,88,up
101402,94,38,up
101402,80,94,down
101402,94,5,down
101402,94,13,down
101402,94,80,down
101615,28,5,up
101615,28,5,down
101715,94,28,down
101987,28,9,up
101987,28,62,up
102029,38,9,up
102029,38,90,up
102029,38,62,up
102035,94,88,down
102047,80,13,down
102082,28,90,up
102135,28,67,up
102266,13,5,down
102266,13,80,down
102285,88,94,up
102285,88,94,down
102345,38,67,up
102345,38,67,down
102359,28,67,down
102360,80,5,down
102454,28,69,up
102674,94,62,up
102674,94,9,up
102674,94,90,up
102674,94,69,up
102674,94,62,down
102674,94,9,down
102674,94,38,down
102674,94,90,down
102674,94,69,down
102684,38,69,up
102684,38,28,down
102696,80,88,up
102696,80,88,down
102792,7,20,up
102792,7,20,down
102998,38,9,down
102998,38,90,down
102998,38,69,down
103043,80,84,up
103043,80,84,down
103073,28,90,down
103073,28,69,down
103116,7,84,up
103204,28,9,down
103311,38,62,down
103434,7,84,down
103435,28,62,down
103544,14,96,up
103544,14,96,down
103548,96,14,up
103548,96,14,down
103693,28,5,up
103811,28,85,up
103868,88,84,up
103995,28,5,down
104005,85,38,up
104005,85,28,up
104005,85,94,up
104102,28,14,up
104102,28,14,down
104650,80,7,up
104650,80,7,down
104800,14,41,up
104800,14,41,down
104924,38,85,up
104924,38,28,up
105237,57,26,down
105346,61,5,up
105346,61,5,down
105419,56,14,up
105419,56,14,down
105513,26,57,down
105622,28,56,up
105681,85,56,up
105681,85,38,down
105815,56,28,up
106132,56,85,up
106431,28,95,up
106494,56,94,up
106494,56,95,up
106571,38,85,down
106571,38,28,down
106571,38,94,down
106631,94,38,up
106631,94,56,up
106631,94,85,up
106631,94,28,up
106631,94,38,down
106631,94,56,down
106680,7,84,up
106680,7,88,up
106699,28,38,down
106707,88,7,up
106930,28,42,up
106930,28,42,down
106944,94,85,down
106944,94,28,down
106948,42,88,up
106948,42,7,up
106948,42,88,down
107030,85,95,up
107222,56,94,down
107222,56,95,down
107222,56,85,down
107222,56,28,down
107234,95,85,up
107234,95,94,up
107403,14,4,up
107403,14,4,down
107420,7,42,up
107420,7,42,down
107556,95,28,up
107668,85,56,down
107668,85,28,down
108183,61,5,up
108196,95,85,down
108319,85,95,down
108468,28,85,down
108482,56,85,up
108482,56,85,down
108640,85,77,up
108654,26,57,up
108654,26,57,down
108690,42,7,down
108724,57,26,up
108724,57,26,down
108953,85,77,down
108996,96,15,up
108996,96,15,down
109112,7,42,up
109126,56,15,up
109206,95,56,up
109206,95,15,up
109206,95,56,down
109208,15,95,up
109208,15,56,up
109208,15,95,down
109549,95,15,down
109549,95,28,down
109779,56,95,up
109779,56,95,down
109793,61,5,down
109857,28,85,up
109995,85,56,up
109995,85,28,up
109995,85,94,down
109995,85,56,down
110036,28,15,up
110036,28,15,down
110036,28,94,down
110036,28,95,down
110036,28,56,down
110179,88,80,up
110179,88,80,down
110295,42,7,up
110379,7,42,down
110379,7,84,down
110406,56,15,down
110484,15,56,down
110694,7,70,up
110694,7,70,down
110694,7,88,down
110733,70,7,up
110733,70,84,up
110733,70,88,up
110733,70,7,down
110786,56,42,up
110786,56,14,up
110786,56,42,down
110786,56,14,down
110810,88,70,up
110810,88,7,down
110982,80,77,up
110982,80,77,down
111047,70,84,down
111047,70,88,down
111052,28,15,up
111052,28,94,up
111052,28,95,up
111052,28,15,down
111139,15,95,up
111139,15,95,down
111211,94,95,up
111211,94,28,up
111211,94,85,up
111273,42,7,down
111412,70,84,up
111412,70,88,up
111412,70,84,down
111412,70,88,down
111413,26,57,up
111437,88,70,down
111456,15,5,up
111543,95,80,up
111543,95,28,up
111543,95,80,down
111598,57,26,up
111648,85,95,up
111648,85,94,up
111648,85,28,down
111819,28,5,up
111853,14,70,up
111855,96,77,up
111869,28,38,up
111869,28,90,up
111872,94,90,up
111872,94,95,down
111902,95,38,up
111902,95,85,up
111902,95,90,up
111902,95,15,up
111902,95,38,down
111902,95,94,down
111911,57,26,down
111951,42,70,up
111951,42,70,down
111966,80,5,up
111969,85,90,up
111969,85,38,up
111969,85,90,down
111969,85,95,down
112034,26,57,down
112056,28,5,down
112190,94,38,up
112216,95,85,down
112298,80,84,up
112298,80,84,down
112337,90,94,up
112337,90,95,up
112337,90,85,up
112337,90,38,up
112337,90,28,up
112337,90,94,down
112337,90,95,down
112337,90,85,down
112337,90,38,down
112337,90,28,down
112396,15,5,down
112422,28,15,up
112422,28,15,down
112482,96,77,down
112504,94,90,down
112510,28,95,down
112529,95,28,down
112529,95,90,down
112553,28,85,down
112553,28,38,down
112553,28,90,down
112553,28,94,down
112613,80,5,down
112694,90,70,up
112694,90,14,up
112753,70,14,up
112852,95,5,up
112852,95,5,down
112852,95,15,down
112900,42,5,up
112900,42,5,down
112928,28,15,up
112928,28,38,up
112928,28,94,up
112928,28,85,up
112928,28,15,down
112940,85,28,up
113007,90,70,down
113007,90,14,down
113068,70,90,up
113122,14,90,up
113122,14,70,down
113122,14,90,down
113168,57,26,up
113168,57,26,down
113185,28,42,up
113185,28,80,up
113185,28,20,up
113185,28,42,down
113185,28,80,down
113241,42,70,up
113241,42,70,down
113284,28,20,down
113386,70,42,up
113386,70,90,down
113386,70,42,down
113386,70,14,down
113485,95,41,up
113813,56,90,up
113813,56,14,up
113813,56,90,down
113813,56,14,down
113844,28,69,up
113870,26,57,up
113886,80,84,up
113939,85,69,up
114045,90,56,up
114045,90,56,down
114076,14,7,up
114076,14,7,down
114097,94,69,up
114097,94,69,down
114253,85,69,down
114260,69,94,up
114260,69,85,up
114260,69,38,up
114260,69,28,up
114260,69,94,down
114260,69,85,down
114260,69,38,down
114260,69,28,down
114275,88,7,up
114275,88,7,down
114288,28,69,down
114370,70,84,up
114370,70,88,up
114410,94,28,down
114562,42,70,up
114562,42,70,down
114596,88,70,up
114676,7,20,up
114676,7,42,up
114696,57,26,up
114696,57,26,down
114714,61,14,up
114714,61,14,down
114754,14,61,up
114754,14,61,down
114864,80,42,up
114864,80,82,up
114931,42,7,up
114989,7,20,down
115428,26,57,down
115536,88,70,down
115550,80,70,up
115550,80,7,up
115550,80,88,up
115550,80,70,down
115550,80,7,down
115550,80,84,down
115550,80,88,down
115550,80,42,down
115566,42,7,down
115639,70,84,down
115639,70,88,down
115665,94,38,down
115746,7,80,up
115746,7,5,up
115746,7,80,down
115746,7,5,down
115853,28,7,up
115854,85,7,up
115854,85,7,down
115854,85,38,down
115869,80,5,up
115897,28,7,down
115941,57,26,up
115941,57,26,down
115942,28,38,down
116059,7,42,down
116181,15,70,up
116182,80,5,down
116202,88,7,up
116202,88,7,down
116276,70,56,up
116276,70,15,up
116314,94,28,up
116380,56,70,up
116380,56,15,up
116389,7,20,up
116389,7,20,down
116470,28,82,up
116470,28,82,down
116507,85,28,down
116589,70,56,down
116628,94,28,down
116750,7,82,up
116750,7,82,down
116821,85,94,down
116828,15,4,up
116829,80,82,down
116931,70,4,up
116934,95,41,down
116948,28,94,down
116968,94,13,up
116968,94,13,down
116968,94,85,down
116991,28,85,down
117039,28,13,up
117080,4,15,up
117120,56,4,up
117120,56,4,down
117120,56,70,down
117120,56,15,down
117433,4,70,up
117858,90,41,up
117961,26,2,up
117961,26,2,down
118094,13,28,up
118094,13,28,down
118121,15,70,down
118213,70,4,down
118247,95,85,up
118388,4,70,down
118398,56,95,up
118398,56,95,down
118423,85,56,up
118423,85,95,up
118485,90,41,down
118729,4,82,up
118731,95,41,up
118731,95,88,up
118731,95,90,up
118731,95,42,up
118731,95,56,up
118731,95,41,down
118731,95,88,down
118731,95,90,down
118731,95,42,down
118731,95,56,down
118799,28,13,down
119083,85,28,up
119106,28,95,up
119106,28,56,up
119106,28,85,up
119393,15,82,up
119716,85,56,down
120002,56,85,up
120002,56,28,up
120002,56,85,down
120002,56,28,down
120019,95,28,up
120102,28,38,up
120278,38,56,up
120278,38,95,up
120278,38,85,up
120278,38,28,up
120278,38,56,down
120318,56,38,up
120335,95,38,up
120335,95,28,down
120345,85,38,up
120345,85,95,down
120345,85,38,down
120352,4,82,down
120438,80,84,up
120438,80,95,up
120438,80,84,down
120438,80,95,down
120587,28,95,down
120587,28,38,down
120591,38,95,down
120591,38,85,down
120591,38,28,down
120639,56,95,up
120639,56,95,down
120639,56,38,down
120662,95,56,up
120662,95,85,down
120662,95,38,down
120662,95,56,down
120666,4,15,down
120672,15,4,down
120997,85,28,down
121202,28,56,down
121206,2,82,up
121232,88,84,down
121269,56,85,up
121290,28,85,down
121329,4,2,up
121329,4,2,down
121333,15,2,up
121333,15,2,down
121338,85,42,up
121338,85,56,up
121338,85,42,down
121540,2,15,up
121540,2,15,down
121540,2,82,down
121545,7,15,up
121672,15,7,up
121991,15,70,up
122304,15,82,down
122618,15,7,down
122916,7,15,down
124508,15,70,down
124547,70,15,down
125389,42,77,up
125389,42,77,down
125478,28,77,up
126027,42,41,up
126027,42,41,down
126316,56,85,down
126355,85,56,down
126535,28,85,up
126680,85,77,up
126680,85,28,up
126726,28,56,up
126901,56,28,up
126994,85,77,down
127260,28,77,down
127797,28,42,up
127797,28,84,up
127797,28,42,down
127797,28,84,down
128190,56,85,up
128190,56,85,down
128266,85,56,up
128818,56,7,up
128818,56,7,down
129445,56,28,down
129567,85,56,down
129617,7,84,up
129617,7,84,down
130421,14,84,up
130421,14,84,down
131644,7,20,up
131644,7,20,down
131674,56,85,up
131674,56,28,up
131674,56,85,down
131988,56,28,down
132029,7,56,up
132029,7,56,down
134498,56,85,up
134675,85,56,up
134992,85,28,down
135130,56,28,up
136565,85,28,up
137192,85,28,down
139074,85,28,up
139074,85,28,down
140327,85,28,up
140784,56,28,down
142040,56,28,up
142040,56,28,down
143612,56,28,up
143612,56,28,down
145028,85,28,down
146124,56,28,up
146281,85,28,up
146281,85,56,down
146281,85,28,down
146437,56,85,down
146698,28,85,down
146762,56,28,down
147127,28,56,down
147524,28,77,up
156959,26,57,up
156959,26,57,down
170388,28,77,down
170571,28,77,up
174446,28,77,down
175022,7,79,up
175022,7,79,down
175728,7,77,up
175728,7,77,down
175960,79,80,up
175960,79,80,down
176093,80,5,up
176093,80,17,up
176135,90,14,up
176360,7,6,up
176360,7,6,down
176371,6,13,up
176371,6,13,down
176403,13,6,up
176403,13,6,down
176662,88,94,up
176662,88,80,up
176662,88,94,down
176662,88,80,down
176802,6,20,up
176802,6,7,up
176802,6,20,down
177017,7,20,up
177017,7,20,down
177260,28,5,up
177260,28,5,down
177358,80,82,up
177373,28,94,up
177777,15,80,up
178107,7,90,up
178107,7,14,up
178107,7,90,down
178107,7,14,down
178117,15,7,up
178117,15,5,up
178117,15,17,up
178117,15,82,up
178117,15,7,down
178117,15,82,down
178274,2,69,up
178308,28,15,up
178337,80,15,up
178337,80,7,up
178337,80,15,down
178337,80,82,down
178432,7,20,up
178432,7,20,down
178445,15,80,down
178753,7,79,up
178753,7,79,down
178759,15,5,down
178759,15,17,down
178805,96,77,up
178805,69,2,up
178819,79,7,up
179067,80,14,up
179067,80,88,up
179067,80,14,down
179067,80,88,down
179274,15,5,up
179274,15,17,up
179274,15,80,up
179444,69,26,up
179530,2,26,up
179530,26,2,up
179530,26,69,up
179533,28,17,up
179595,15,5,down
179595,15,17,down
179595,15,80,down
179730,80,15,up
179730,80,7,down
179988,6,7,down
180234,90,14,down
180238,15,80,up
180238,15,28,up
180238,15,5,up
180238,15,17,up
180253,28,5,up
180331,7,79,up
180551,15,80,down
180674,90,14,up
180703,96,77,down
180865,15,28,down
181223,28,95,up
181388,80,6,up
181388,80,79,up
181388,80,7,up
181388,80,95,up
181388,80,5,down
181388,80,6,down
181388,80,15,down
181388,80,17,down
181388,80,79,down
181388,80,7,down
181388,80,95,down
181470,95,14,up
181470,95,14,down
181498,15,94,up
181498,15,95,up
181616,94,5,up
181616,94,15,up
181616,94,17,up
181616,94,5,down
181616,94,15,down
181616,94,17,down
181640,69,2,down
181640,69,26,down
181645,96,38,up
181645,96,38,down
181677,38,96,up
181677,38,96,down
181734,28,5,down
181819,15,13,up
181819,15,13,down
181830,95,28,up
181830,95,5,up
181830,95,17,up
181830,95,15,up
181830,95,28,down
181919,28,38,up
181920,80,5,up
181920,80,15,up
181920,80,17,up
181952,94,28,up
181952,94,95,up
181952,94,38,up
181952,94,28,down
181986,28,13,up
181986,28,13,down
182042,38,28,up
182042,38,94,up
182042,38,15,up
182042,38,95,up
182042,38,28,down
182043,2,26,down
182075,28,94,down
182134,28,80,up
182134,28,38,down
182134,28,15,down
182134,28,17,down
182134,28,80,down
182134,28,95,down
182151,15,38,up
182175,95,94,up
182175,95,13,up
182175,95,38,up
182239,80,13,up
182239,80,5,down
182239,80,13,down
182239,80,15,down
182239,80,17,down
182246,90,14,down
182265,94,95,down
182265,94,38,down
182379,13,15,up
182379,13,5,up
182379,13,17,up
182379,13,80,up
182379,13,15,down
182382,38,5,up
182382,38,5,down
182561,80,7,up
182561,80,79,up
182561,80,7,down
182593,28,58,up
182614,79,80,up
182651,7,80,up
182706,13,95,up
182771,58,28,up
182927,79,80,down
182927,79,7,down
182964,7,79,down
183143,15,13,up
183143,15,5,down
183143,15,17,down
183187,80,79,down
183225,69,2,up
183225,69,26,up
183225,69,2,down
183225,69,26,down
183273,95,5,down
183317,2,26,up
183333,38,94,down
183465,15,80,up
183465,15,94,down
183505,80,17,up
183505,70,79,up
183505,80,17,down
183568,79,70,up
183568,79,70,down
183594,95,17,down
183594,95,94,down
183631,2,26,down
183732,13,94,up
183732,13,15,up
183732,13,5,down
183732,13,17,down
183732,13,94,down
183778,15,80,down
183827,80,13,up
183973,38,15,down
184045,13,80,down
184102,15,13,down
184102,15,95,down
184148,80,15,up
184148,80,15,down
184260,26,2,down
184260,26,69,down
184417,15,38,down
184471,70,79,down
184509,80,77,up
184595,2,69,down
184668,58,28,down
184672,13,15,down
184752,15,94,up
184786,90,14,up
184822,80,77,down
185148,80,13,down
185222,95,13,down
185245,28,58,down
185304,13,80,up
185388,15,95,up
185390,6,77,up
185471,80,15,up
185471,80,42,up
185471,80,15,down
185471,80,42,down
185481,42,80,up
185481,42,94,up
185560,28,13,up
185560,28,13,down
185650,13,80,down
185650,13,95,down
185708,28,38,up
185708,28,15,up
185708,28,94,up
185732,15,42,up
185732,15,28,up
185732,15,95,down
185732,15,42,down
185784,28,95,up
185861,95,15,down
185861,95,38,down
185933,38,94,up
185933,38,42,up
185933,38,15,up
185933,38,28,up
185933,38,94,down
185933,38,95,down
185933,38,42,down
185933,38,15,down
185933,38,28,down
185976,28,41,up
185976,28,95,down
185976,28,38,down
185978,13,15,up
185978,13,15,down
186070,28,7,up
186070,28,7,down
186106,15,13,up
186106,15,41,up
186106,15,13,down
186107,80,7,up
186132,79,80,up
186132,79,7,up
186132,79,80,down
186132,79,7,down
186210,42,13,up
186210,42,7,up
186210,42,41,up
186210,42,79,up
186210,42,13,down
186210,42,80,down
186210,42,7,down
186217,7,77,up
186272,58,80,up
186272,58,80,down
186337,6,77,down
186574,38,77,up
186619,28,41,down
186743,80,77,up
186743,80,38,up
186743,80,7,down
186743,80,77,down
186743,80,38,down
186875,7,38,up
186897,38,80,up
186897,38,7,up
186940,28,1,up
187060,15,1,up
187060,15,28,down
187145,80,77,up
187145,80,38,up
187214,42,41,down
187435,1,41,up
187435,1,28,up
187435,1,94,up
187435,1,15,up
187435,1,41,down
187435,1,28,down
187463,80,7,up
187643,90,41,up
187643,90,41,down
187660,28,41,up
187709,15,1,down
187709,15,94,down
187724,79,42,up
187724,79,42,down
187748,1,94,down
187885,42,94,down
188062,1,15,down
188162,28,1,down
188315,96,1,up
188385,1,96,up
188406,80,77,down
188679,28,95,up
188763,95,41,up
188763,95,28,up
188763,95,94,up
188867,42,95,up
188867,42,95,down
188942,96,1,down
188989,15,17,up
188989,15,28,up
188989,15,17,down
189005,28,17,up
189005,28,17,down
189011,1,96,down
189023,79,42,up
189149,95,42,up
189149,95,15,up
189149,95,17,up
189149,95,41,down
189149,95,42,down
189261,96,6,up
189292,42,15,up
189292,42,15,down
189292,42,79,down
189306,15,41,down
189306,15,28,down
189611,96,56,up
189660,88,13,up
189660,88,13,down
189680,56,6,up
189680,56,96,up
189708,79,42,down
189805,6,96,up
189805,6,56,up
189934,96,79,up
189970,42,41,up
189998,56,79,up
190038,79,56,up
190038,79,96,up
190038,79,6,up
190120,6,79,up
190329,42,41,down
190455,69,26,up
190480,28,41,down
190610,80,77,up
190610,80,77,down
190618,26,69,up
190932,28,17,up
191032,94,28,up
191032,94,95,up
191042,42,13,up
191042,42,13,down
191048,28,13,up
191286,38,80,down
191286,38,77,down
191286,38,7,down
191308,15,42,up
191308,15,28,up
191308,15,95,up
191308,15,17,up
191308,15,13,up
191308,15,42,down
191308,15,28,down
191359,7,77,down
191359,7,80,down
191359,7,38,down
191380,42,70,up
191380,42,15,up
191382,13,15,up
191382,13,95,up
191382,13,17,up
191395,94,17,up
191395,94,15,up
191395,94,41,up
191395,94,17,down
191395,94,15,down
191395,94,41,down
191410,70,88,up
191440,95,13,up
191551,80,38,down
191551,80,7,down
191566,88,70,up
191708,94,28,down
191723,70,88,down
191908,88,70,down
192035,28,77,up
192035,28,77,down
192075,42,77,up
192075,42,77,down
192081,28,13,down
192081,28,17,down
192083,95,28,down
192273,28,15,down
192273,28,94,down
192273,28,95,down
192308,7,20,up
192313,15,88,up
192313,15,88,down
192467,42,7,up
192467,42,7,down
192647,6,79,down
192654,15,42,up
192654,15,42,down
192755,88,13,up
192755,88,15,up
192755,88,70,up
192755,88,13,down
192755,88,15,down
192808,42,70,down
192964,69,26,down
192975,70,88,up
192981,15,41,up
193068,95,41,up
193068,95,41,down
193068,88,70,down
193132,26,69,down
193158,42,41,up
193158,42,15,down
193313,15,41,down
193320,70,42,up
193320,70,58,up
193320,70,42,down
193320,70,58,down
193320,70,88,down
193336,13,41,up
193471,42,41,down
193526,56,6,down
193530,7,15,up
193530,7,95,up
193530,7,17,up
193530,7,42,up
193530,7,15,down
193530,7,95,down
193530,7,17,down
193530,7,20,down
193575,58,94,up
193575,58,95,up
193575,58,15,up
193575,58,17,up
193575,58,13,up
193575,58,42,up
193575,58,94,down
193575,58,95,down
193649,13,41,down
193659,15,58,up
193841,79,56,down
193873,42,7,up
193888,58,15,down
193999,15,94,up
193999,15,28,up
193999,15,95,down
193999,15,17,down
193999,15,13,down
193999,15,94,down
193999,15,28,down
193999,15,58,down
194138,28,58,up
194138,28,15,up
194138,28,94,up
194138,28,95,up
194138,28,58,down
194227,28,38,up
194249,42,88,up
194249,42,58,up
194249,42,88,down
194280,94,15,up
194280,94,38,up
194280,94,28,up
194280,94,15,down
194314,28,15,down
194323,13,58,up
194323,13,15,down
194362,95,38,up
194362,95,28,up
194362,95,15,down
194447,38,94,up
194447,38,95,up
194559,6,79,up
194578,90,82,up
194698,95,58,up
194698,95,38,down
194786,56,6,up
194794,38,28,up
194794,38,94,down
194794,38,95,down
194794,38,28,down
194892,90,82,down
194925,28,38,down
194928,94,38,down
194960,13,95,down
195099,79,56,up
195254,94,28,down
195268,58,95,up
195371,95,13,down
195371,95,58,down
195421,38,5,up
195457,28,93,up
195501,28,93,down
195604,58,80,up
195636,28,95,down
195645,80,42,up
195645,80,13,up
195645,80,17,up
195645,80,42,down
195682,28,94,down
195738,56,79,down
195740,38,77,up
195801,28,85,up
195801,28,94,up
195801,28,95,up
195886,94,85,up
195894,96,6,down
195894,96,56,down
195894,96,79,down
195938,13,80,up
195974,80,58,up
195999,95,85,up
196002,58,17,down
196002,58,95,down
196051,56,96,down
196051,56,6,down
196061,79,96,down
196061,79,6,down
196061,79,56,down
196163,6,96,down
196163,6,79,down
196163,6,56,down
196217,85,94,up
196217,85,17,up
196217,85,28,up
196217,85,95,up
196217,85,94,down
196217,85,17,down
196217,85,28,down
196290,28,56,up
196317,58,56,up
196342,95,56,up
196444,56,94,up
196444,56,17,up
196444,56,85,up
196444,56,28,up
196444,56,95,up
196444,56,58,up
196444,56,94,down
196444,56,17,down
196444,56,28,down
196530,85,95,down
196537,96,1,up
196542,1,96,up
196551,7,42,down
196571,94,28,up
196571,94,85,down
196571,94,28,down
196589,13,95,up
196659,28,85,down
196666,58,80,down
196679,95,80,up
196679,95,80,down
196679,95,85,down
196679,95,56,down
196758,56,85,down
196792,42,6,up
196792,42,6,down
196878,28,56,down
196947,80,95,up
196947,80,95,down
196947,80,13,down
196947,80,17,down
196947,80,58,down
196985,58,15,up
196988,13,85,up
196988,13,56,up
196988,13,85,down
196988,13,56,down
196988,13,58,down
196999,95,13,up
197057,28,67,up
197080,56,15,up
197108,28,15,up
197128,42,80,up
197128,42,15,up
197128,42,80,down
197128,42,15,down
197204,94,67,up
197204,94,67,down
197234,15,42,up
197234,15,58,up
197234,15,95,up
197234,15,28,up
197234,15,56,up
197234,15,42,down
197285,28,67,down
197302,13,80,down
197314,95,15,up
197399,58,7,up
197399,58,17,up
197399,58,7,down
197475,42,79,up
197475,42,79,down
197475,42,7,down
197524,7,13,up
197524,7,88,up
197524,7,13,down
197524,7,88,down
197553,15,17,up
197607,88,7,up
197607,88,7,down
197689,79,90,up
197689,79,14,up
197689,79,82,up
197689,79,90,down
197689,79,14,down
197689,79,82,down
197721,58,79,up
197721,58,79,down
197867,7,6,up
197867,7,20,up
197882,15,62,up
197933,28,79,up
197933,28,62,up
197949,88,84,up
197955,95,79,up
197955,95,62,up
197955,95,79,down
197977,28,79,down
198047,58,6,up
198047,58,13,down
198047,58,6,down
198047,58,42,down
198114,79,6,up
198114,79,17,up
198114,79,84,up
198114,79,56,up
198114,79,7,up
198114,79,6,down
198114,79,17,down
198114,79,84,down
198114,79,56,down
198157,94,62,up
198157,94,28,up
198157,94,62,down
198170,6,7,up
198205,15,62,down
198207,42,82,up
198207,42,84,up
198207,42,82,down
198207,42,58,down
198212,28,82,up
198272,95,62,down
198275,13,79,up
198275,13,82,up
198275,13,79,down
198313,28,17,up
198376,58,94,up
198385,56,95,down
198385,56,58,down
198385,56,15,down
198403,28,58,up
198403,28,62,down
198476,94,58,up
198494,7,6,down
198494,7,20,down
198505,6,95,up
198505,6,95,down
198517,62,6,up
198517,62,42,up
198517,62,15,up
198517,62,82,up
198517,62,56,up
198517,62,28,up
198517,62,58,up
198517,62,6,down
198517,62,42,down
198517,62,15,down
198517,62,82,down
198517,62,56,down
198517,62,28,down
198517,62,58,down
198585,15,42,up
198631,13,58,up
198717,58,28,up
198717,58,95,up
198717,58,28,down
198751,1,62,up
198770,96,62,up
198777,28,56,up
198818,7,79,up
198825,6,7,down
198844,62,96,up
198849,56,58,up
198849,56,15,up
198891,42,15,up
198922,95,58,up
198922,95,82,up
198931,15,94,up
199031,58,56,down
199128,79,42,up
199128,79,42,down
199136,7,82,up
199136,7,82,down
199174,56,17,up
199180,62,1,up
199248,95,56,up
199275,15,82,up
199302,13,58,down
199344,58,15,down
199398,1,96,down
199441,94,15,up
199441,94,82,up
199493,62,96,down
199494,56,82,up
199578,88,84,down
199579,42,79,up
199579,42,84,down
199658,58,17,down
199664,15,13,up
199710,96,1,down
199710,96,62,down
199900,95,56,down
199933,90,84,up
199954,42,13,up
199954,42,13,down
199987,58,82,up
199987,58,28,up
199987,58,82,down
199987,58,28,down
200301,58,94,down
200301,58,95,down
200316,42,15,down
200329,15,42,down
200329,15,58,down
200381,94,58,down
200527,95,58,down
200530,56,58,down
200574,90,14,down
200657,15,14,up
200657,15,94,down
200657,15,14,down
200693,28,58,down
200695,42,79,down
200759,62,96,up
200759,38,77,down
200827,7,42,up
200848,95,14,up
200848,95,14,down
200848,95,15,down
200861,56,14,up
200861,56,28,up
200861,56,14,down
200892,88,42,up
200892,88,42,down
200894,13,95,down
200969,1,96,up
200972,96,1,up
200972,96,62,up
200975,15,85,up
200975,15,95,down
200975,15,13,down
200975,15,28,down
201160,28,85,up
201161,95,13,down
201161,95,17,down
201178,56,85,up
201178,56,28,down
201299,96,1,down
201299,96,62,down
201300,85,28,up
201300,85,15,up
201300,85,82,up
201300,85,56,up
201372,26,57,up
201445,28,93,up
201445,28,5,up
201445,28,38,up
201445,94,77,up
201445,94,38,up
201445,28,93,down
201445,94,77,down
201445,94,28,down
201475,95,28,down
201475,95,94,down
201513,56,5,up
201513,56,15,down
201519,38,13,up
201519,38,15,up
201519,38,85,up
201519,38,93,up
201519,38,94,up
201519,38,95,up
201519,38,28,up
201519,38,82,up
201519,38,5,down
201519,38,13,down
201519,38,15,down
201519,38,85,down
201519,38,93,down
201519,38,94,down
201519,38,95,down
201528,57,26,up
201583,28,42,up
201604,15,17,down
201604,15,82,down
201604,15,85,down
201604,15,56,down
201625,85,5,up
201625,85,17,up
201625,85,28,down
201646,79,7,down
201721,28,94,down
201796,96,1,up
201796,96,62,up
201834,38,17,up
201844,13,5,up
201858,28,17,up
201868,94,5,up
201868,94,17,up
201868,94,56,up
201868,94,85,up
201868,94,5,down
201868,94,95,down
201868,94,17,down
201868,94,56,down
201868,94,15,down
201868,94,82,down
201868,94,85,down
201868,94,38,down
201925,1,62,down
201925,1,96,down
201954,85,17,up
201954,85,15,down
201995,28,42,down
201995,28,5,down
202028,62,1,down
202040,28,15,down
202109,96,1,down
202131,95,5,up
202131,95,17,up
202139,7,13,up
202139,7,17,up
202139,7,82,up
202139,7,85,up
202139,7,17,up
202139,7,13,down
202139,7,17,down
202139,7,42,down
202139,7,82,down
202139,7,85,down
202139,7,17,down
202142,90,84,down
202179,56,7,up
202179,56,13,up
202179,56,7,down
202184,13,15,up
202184,13,15,down
202276,15,4,up
202276,15,4,down
202286,85,95,up
202286,85,5,down
202305,42,7,up
202305,42,7,down
202424,96,4,up
202424,96,4,down
202467,7,62,up
202467,7,96,up
202471,88,84,up
202471,57,26,down
202526,13,7,up
202526,13,56,up
202526,13,85,up
202526,56,17,up
202526,56,42,up
202526,13,5,down
202526,13,7,down
202526,13,56,down
202526,56,5,down
202526,56,17,down
202526,56,42,down
202532,95,13,up
202532,95,17,up
202532,95,85,up
202532,95,38,up
202532,95,5,down
202619,26,57,down
202672,62,77,up
202672,62,5,up
202672,62,79,up
202672,62,7,up
202672,62,77,down
202753,96,77,up
202753,96,5,up
202753,96,7,up
202753,96,77,down
202781,38,17,down
202786,7,77,up
202786,7,5,up
202786,7,77,down
202853,95,28,up
202853,95,28,down
202853,95,17,down
202883,56,13,down
202933,85,17,down
202952,79,77,up
202952,79,7,up
202952,79,96,up
202952,79,77,down
202965,28,17,down
203081,96,79,up
203081,96,5,down
203081,96,79,down
203111,7,5,down
203118,88,84,down
203135,38,95,up
203135,38,85,up
203135,38,28,down
203135,38,95,down
203183,13,95,up
203183,13,85,down
203190,95,13,down
203190,95,17,down
203190,95,82,down
203190,95,85,down
203190,95,38,down
203247,42,84,up
203261,85,38,up
203261,85,28,up
203261,85,95,down
203278,79,5,up
203278,79,62,up
203278,79,5,down
203278,79,96,down
203278,79,62,down
203299,62,5,down
203448,38,82,down
203496,13,95,down
203509,56,82,down
203509,56,85,down
203551,6,77,up
203566,28,95,down
203591,79,7,down
203623,62,95,up
203623,62,79,down
203623,62,7,down
203708,96,7,down
203746,7,95,up
203746,7,95,down
203746,7,79,down
203848,95,79,up
203848,95,7,up
203848,95,96,up
203848,95,62,up
203848,95,79,down
203848,95,7,down
203871,6,20,up
203871,6,20,down
203890,42,84,down
203911,85,38,down
203911,85,17,down
203911,85,82,down
203911,85,56,down
203911,85,28,down
204053,28,82,down
204162,1,7,up
204162,1,7,down
204166,56,5,up
204166,56,5,down
204166,56,17,down
204201,7,1,up
204201,7,1,down
204201,7,62,down
204201,7,96,down
204252,62,96,down
204295,28,5,up
204341,28,5,down
204356,96,62,down
204379,88,84,up
204395,38,28,up
204470,13,85,up
204470,13,5,up
204470,85,38,up
204470,85,28,up
204470,85,5,up
204470,85,17,up
204470,13,82,down
204489,95,96,down
204666,90,82,up
204666,90,82,down
204694,96,1,up
204803,1,96,up
204803,95,62,down
204888,62,82,up
204888,62,95,down
204888,62,82,down
205118,95,82,up
205148,56,13,up
205148,56,28,up
205190,6,20,up
205190,6,84,up
205190,6,20,down
205190,6,84,down
205436,95,82,down
205461,7,82,up
205461,7,82,down
205473,13,56,up
205473,13,85,down
205473,13,56,down
205537,62,1,up
205537,62,96,up
205646,96,62,up
205744,85,38,down
205755,1,62,up
205778,7,95,up
205778,7,95,down
205794,28,5,up
206015,28,56,down
206031,38,13,up
206031,38,17,up
206031,38,5,up
206031,38,56,up
206031,38,13,down
206031,38,17,down
206031,38,85,down
206031,38,28,down
206031,38,5,down
206031,38,56,down
206106,28,38,down
206204,56,5,up
206204,56,38,up
206204,56,17,up
206204,56,5,down
206204,56,38,down
206292,28,95,up
206377,85,95,up
206443,95,13,up
206443,95,5,up
206443,95,28,up
206443,95,17,up
206443,95,85,up
206537,56,82,up
206594,88,84,down
206756,95,13,down
206791,62,1,down
206855,56,82,down
206914,96,1,down
206946,88,82,up
206946,88,56,up
206946,88,82,down
206946,88,56,down
207008,1,62,down
207008,1,96,down
207009,28,56,up
207016,85,56,up
207016,85,28,down
207107,95,56,up
207107,95,5,down
207107,95,28,down
207107,95,56,down
207226,56,95,up
207226,56,85,up
207226,56,95,down
207226,56,17,down
207226,56,85,down
207241,28,13,up
207287,28,85,down
207322,26,57,up
207331,28,95,down
207332,85,5,down
207332,85,56,down
207353,13,17,down
207393,28,17,down
207491,57,26,up
207548,56,5,up
207703,13,56,up
207703,13,28,up
207738,6,20,up
207738,6,20,down
207865,56,58,up
207865,56,58,down
207959,85,17,down
208002,28,58,up
208002,28,58,down
208050,95,17,down
208155,28,84,up
208211,56,84,up
208347,13,28,down
208365,95,88,up
208374,6,77,down
208485,28,17,up
208529,28,13,down
208544,88,85,up
208544,88,95,up
208546,56,17,up
208546,56,13,down
208585,26,57,down
208590,85,88,up
208675,13,17,up
208675,13,84,up
208675,13,5,down
208675,13,17,down
208675,13,84,down
208675,13,56,down
208748,57,26,down
208866,56,28,down
208870,88,82,up
208870,88,82,down
208944,42,56,up
208944,42,58,up
208944,42,17,up
208944,42,84,up
208944,42,5,up
208944,42,28,up
208944,42,56,down
208944,42,58,down
208991,28,42,up
208991,28,56,down
209100,58,20,up
209100,58,20,down
209257,42,17,down
209257,42,84,down
209406,28,20,up
209416,90,77,up
209416,90,77,down
209493,28,20,down
209740,58,42,up
209740,58,5,up
209740,58,17,up
209740,58,56,up
209740,58,42,down
209810,88,85,down
209861,85,88,down
209905,42,5,down
209905,42,28,down
209979,95,85,down
210050,28,56,up
210050,28,58,up
210050,28,42,down
210071,58,84,up
210071,58,28,up
210169,56,28,up
210169,56,58,up
210174,85,95,down
210245,62,96,down
210366,96,62,down
210392,58,88,up
210514,85,82,up
210547,28,95,up
210568,6,77,up
210568,6,77,down
210576,42,6,up
210576,42,6,down
210632,95,17,up
210632,95,28,up
210632,95,17,down
210632,95,28,down
210638,28,88,up
210705,58,88,down
210795,26,57,up
210795,26,57,down
210827,85,82,down
210832,56,95,up
210832,56,95,down
210836,88,17,up
210836,88,5,up
210836,88,28,up
210836,88,17,down
210836,88,5,down
211028,7,77,up
211028,7,42,up
211028,7,77,down
211028,7,42,down
211044,28,88,down
211176,88,58,up
211176,88,28,down
211176,88,58,down
211652,58,28,down
212037,28,88,up
212081,28,95,down
212137,56,28,down
212157,88,84,up
212157,88,84,down
212216,95,84,up
212216,95,84,down
212267,28,84,down
212282,58,77,up
212282,58,5,down
212282,58,17,down
212282,58,77,down
212282,58,84,down
212282,58,56,down
212312,28,5,down
212312,28,17,down
212312,28,88,down
212312,28,56,down
212312,28,58,down
212465,56,77,up
212497,88,5,up
212497,88,77,up
212497,88,5,down
212561,95,5,up
212561,95,77,up
212561,95,5,down
212677,58,84,up
212677,58,77,up
212719,28,85,up
212780,56,7,up
212780,56,5,down
212879,28,42,up
212879,28,42,down
212879,28,85,down
212995,58,7,up
212995,58,17,up
212995,58,56,up
213119,56,95,up
213119,56,88,up
213119,56,95,down
213119,56,88,down
213137,88,17,up
213137,88,17,down
213199,95,56,up
213199,95,56,down
213309,58,84,down
213763,88,95,down
213763,88,77,down
213774,56,84,down
213844,95,84,up
213844,95,84,down
213844,95,88,down
214165,95,77,down
214658,67,57,up
214658,67,57,down
214880,58,95,up
214880,58,95,down
215102,57,67,up
215102,57,67,down
215196,58,77,down
215390,56,77,down
215756,95,85,up
215924,85,95,up
216069,95,85,down
216238,85,95,down
216299,88,84,up
216459,58,7,down
216772,58,17,down
216772,58,56,down
216983,56,7,down
217296,56,58,down
217892,88,84,down
218875,56,17,down
219582,90,84,up
219582,90,84,down
220774,56,85,up
220774,56,85,down
223928,85,82,up
223928,85,82,down
224788,4,82,up
224788,4,82,down
226769,85,82,up
227024,57,26,up
227148,26,57,up
230287,26,57,down
231053,26,57,up
256233,57,26,down
256381,80,82,up
256699,80,5,up
256720,57,26,up
258108,28,82,up
258179,85,5,up
258369,28,7,up
258369,28,5,up
258369,28,85,up
258369,28,7,down
258369,28,5,down
258494,85,28,up
258758,28,82,down
258816,85,17,up
258832,28,17,up
258832,28,17,down
258898,80,17,up
259141,85,17,down
259569,90,14,up
259860,28,93,up
259860,28,82,up
259860,28,93,down
259947,28,82,down
260207,90,93,up
260209,28,94,up
260298,93,90,up
260298,93,14,up
260426,85,17,up
260427,94,28,up
260427,94,85,up
260560,28,17,up
260881,28,5,up
261059,28,82,up
261081,85,94,up
261467,28,79,up
261467,28,80,up
261467,28,88,up
261467,28,5,down
261467,28,17,down
261467,28,79,down
261467,28,80,down
261467,28,88,down
261802,90,2,up
261802,90,2,down
262193,93,90,down
262193,93,14,down
262316,2,57,up
262316,2,26,up
262333,94,28,down
262390,57,2,up
262399,26,2,up
262428,28,82,down
262667,14,90,up
262667,14,93,up
262689,85,5,down
262791,93,90,up
262791,93,14,up
262990,94,17,up
262990,94,82,up
262990,94,17,down
262990,94,82,down
263030,26,6,up
263030,26,6,down
263277,69,2,up
263277,69,26,up
263277,69,57,up
263332,57,69,up
263355,26,69,up
263416,79,5,up
263416,79,5,down
263570,2,69,up
263625,94,28,up
263625,94,28,down
263644,85,28,down
263777,28,94,down
263929,28,5,up
263929,28,14,up
263929,28,93,up
263929,28,26,up
263929,28,57,up
263929,28,69,up
263929,28,2,up
263929,28,5,down
263929,28,14,down
263929,28,85,down
263929,28,93,down
263942,80,13,up
263971,85,5,up
264092,13,5,up
264092,13,82,up
264092,13,80,up
264092,13,17,up
264225,2,28,up
264226,69,28,up
264278,57,28,up
264278,57,28,down
264303,26,28,up
264379,28,6,up
264565,2,6,up
264648,85,13,up
264648,85,13,down
264817,28,6,down
264853,69,28,down
264879,2,69,down
264879,2,6,down
264879,2,57,down
264879,2,26,down
264879,2,28,down
264935,26,28,down
264991,90,93,down
265008,93,90,down
265077,28,26,down
265077,28,57,down
265077,28,69,down
265123,28,2,down
265218,57,2,down
265254,69,14,up
265254,69,90,up
265254,69,2,down
265254,69,14,down
265254,69,90,down
265277,28,14,up
265277,28,90,up
265277,28,93,up
265277,28,14,down
265277,28,90,down
265277,28,93,down
265340,28,85,up
265386,28,94,up
265454,28,17,up
265547,94,82,up
265564,70,88,up
265564,70,88,down
265609,85,28,up
265614,26,2,down
265778,28,82,up
265864,28,17,down
266193,94,28,up
266197,70,85,up
266197,70,85,down
266255,79,70,up
266255,79,70,down
266269,93,90,up
266271,90,93,up
266313,13,85,up
266313,13,85,down
266537,94,17,up
266537,94,17,down
266537,94,82,down
266863,85,5,down
266873,28,17,up
267003,28,17,down
267043,84,70,up
267043,84,70,down
267212,85,13,up
267212,85,13,down
267220,80,6,up
267220,80,20,up
267220,80,79,up
267220,80,5,down
267220,80,6,down
267220,80,20,down
267220,80,79,down
267256,13,5,down
267353,28,82,down
267525,85,82,down
267533,80,82,down
267570,13,82,down
267747,67,69,up
267747,67,69,down
267822,26,69,down
267860,85,28,down
267903,13,85,up
267903,13,85,down
267992,28,95,up
268048,28,17,up
268116,94,28,down
268127,69,67,up
268127,69,67,down
268362,57,69,down
268440,69,26,down
268440,69,57,down
268473,79,7,up
268473,80,13,down
268473,80,17,down
268473,79,7,down
268530,13,80,down
268621,28,94,down
268646,84,70,up
268646,84,70,down
268668,28,17,down
268668,28,85,down
268668,28,95,down
268805,85,38,up
268805,85,94,down
268805,85,17,down
268805,85,38,down
268828,95,80,up
268828,95,80,down
268829,80,7,up
268831,38,94,up
268831,38,85,up
268988,57,26,down
268994,84,6,up
268994,84,20,up
268994,84,6,down
268994,84,20,down
269048,14,84,up
269048,14,84,down
269058,94,38,up
269073,26,57,down
269115,90,84,up
269115,90,84,down
269124,93,84,up
269124,93,84,down
269234,85,94,up
269234,85,17,up
269234,85,38,up
269244,80,6,up
269244,80,20,up
269244,80,6,down
269371,94,85,down
269371,94,38,down
269392,26,67,up
269392,26,67,down
269425,79,6,up
269425,79,6,down
269451,88,70,up
269519,13,88,up
269519,13,88,down
269557,80,7,down
269711,26,69,up
269742,79,7,up
269744,69,26,up
269782,38,94,down
269837,13,82,up
269940,80,20,down
270069,28,95,up
270069,28,38,up
270069,28,85,up
270185,85,28,up
270244,1,96,up
270316,14,90,down
270375,90,93,down
270375,90,14,down
270384,93,90,down
270412,95,85,up
270412,95,17,up
270417,96,1,up
270432,38,28,up
270505,85,95,up
270569,28,17,up
270590,80,6,up
270590,80,6,down
270610,84,90,up
270610,84,93,up
270610,84,14,up
270610,84,90,down
270651,14,20,up
270651,14,84,up
270651,14,20,down
270675,26,69,down
270707,93,84,up
270723,28,70,up
270737,95,28,up
270753,88,84,up
270753,88,85,up
270753,88,84,down
270753,88,85,down
270780,28,5,up
270780,28,94,up
270900,85,5,up
270900,85,88,up
270900,85,5,down
270900,85,88,down
270912,1,93,up
270912,1,14,up
270912,1,93,down
270912,1,14,down
270968,94,28,up
271001,69,26,down
271014,28,88,up
271089,88,28,up
271089,88,28,down
271090,95,5,up
271103,13,5,up
271192,28,5,down
271213,57,26,up
271213,57,26,down
271239,28,82,up
271239,28,82,down
271254,15,28,up
271254,15,94,up
271254,15,95,up
271254,15,17,up
271254,15,82,up
271254,15,5,up
271254,15,13,up
271254,15,85,up
271288,28,15,up
271297,14,62,up
271297,14,62,down
271313,94,15,up
271328,90,82,up
271328,90,82,down
271335,62,96,up
271335,62,1,up
271344,93,62,up
271344,93,62,down
271374,96,62,up
271536,85,15,up
271543,1,62,up
271567,15,28,down
271567,15,94,down
271567,15,95,down
271611,14,93,down
271625,79,7,down
271658,94,95,up
271658,94,13,up
271658,94,17,up
271658,94,82,up
271658,94,5,up
271658,94,88,up
271658,94,85,up
271658,94,95,down
271658,94,13,down
271658,94,15,down
271658,94,17,down
271658,94,82,down
271658,94,5,down
271658,94,88,down
271739,95,13,up
271739,95,94,up
271739,95,15,up
271739,95,13,down
271739,95,94,down
271750,88,15,up
271750,88,15,down
271761,13,15,up
271873,1,96,down
271985,80,94,up
271985,80,7,up
271985,94,38,up
271985,80,94,down
271985,80,7,down
272016,38,94,up
272016,38,94,down
272163,85,94,down
272206,15,17,down
272298,94,85,down
272298,94,38,down
272298,94,28,down
272306,69,57,up
272318,28,70,down
272324,96,1,down
272381,95,5,down
272403,13,15,down
272429,28,5,up
272429,28,94,down
272469,57,2,up
272469,57,69,up
272490,28,82,up
272501,58,94,up
272501,58,17,up
272534,85,82,up
272534,85,13,up
272534,85,5,up
272534,85,95,down
272534,85,17,down
272534,85,82,down
272548,15,6,up
272548,15,6,down
272619,2,57,up
272628,28,17,down
272628,28,82,down
272649,80,6,up
272649,80,6,down
272675,28,88,down
272675,28,95,down
272711,38,88,up
272711,38,6,up
272711,38,88,down
272711,38,6,down
272716,13,17,down
272721,28,6,up
272735,95,6,up
272735,95,88,up
272735,95,6,down
272735,95,15,down
272735,95,85,down
272735,95,28,down
272735,95,88,down
272758,88,70,down
272809,28,6,down
272863,14,84,down
272868,15,28,up
272888,26,2,up
272888,26,69,up
272888,26,57,up
272888,26,2,down
272921,93,14,down
272921,93,84,down
272935,94,95,up
272935,94,17,up
272935,94,58,up
272943,2,26,up
273032,13,82,down
273066,95,94,up
273066,95,58,up
273107,57,26,up
273139,84,93,down
273139,84,14,down
273265,2,69,up
273289,96,93,up
273289,96,93,down
273460,1,96,up
273470,84,80,up
273470,84,80,down
273513,14,79,up
273513,14,79,down
273528,85,80,up
273528,85,80,down
273565,90,14,up
273567,79,14,up
273567,79,90,up
273567,79,14,down
273567,79,90,down
273587,69,26,up
273676,13,79,up
273676,13,15,up
273676,13,79,down
273761,58,95,up
273830,14,90,up
273902,69,2,up
273944,80,7,up
274017,13,85,up
274017,13,85,down
274113,84,88,up
274135,28,5,down
274144,14,90,down
274192,90,14,down
274246,28,82,up
274333,38,82,up
274333,38,82,down
274344,13,88,up
274344,13,88,down
274478,26,2,up
274485,85,82,up
274485,85,82,down
274485,85,38,down
274552,28,38,down
274568,96,1,up
274677,88,84,up
274944,6,20,up
274944,6,20,down
275185,28,5,up
275228,28,82,down
275444,85,13,down
275460,90,14,up
275720,14,90,up
275737,26,69,down
275782,69,57,down
275792,2,69,down
275792,2,26,down
275792,2,57,down
275827,80,7,down
275930,57,2,down
275930,57,69,down
275956,13,82,up
276050,26,2,down
276099,69,2,down
276099,69,26,down
276133,96,1,down
276240,7,80,down
276244,28,82,up
276281,88,84,down
276294,13,85,up
276627,7,13,up
276627,7,82,up
276627,7,5,up
276627,7,15,up
276627,7,13,down
276627,7,82,down
276627,7,5,down
276685,15,7,up
276685,15,80,up
276685,15,7,down
276703,28,7,up
276703,28,5,down
276703,28,7,down
276836,80,79,up
276836,80,82,up
276836,80,15,up
276836,80,5,up
276836,80,13,up
276836,80,79,down
276963,13,7,up
276963,13,7,down
276967,7,15,down
276999,15,82,down
277060,93,96,up
277060,93,1,up
277060,93,96,down
277080,96,62,down
277160,80,82,down
277191,57,26,down
277295,84,7,up
277295,84,7,down
277295,84,88,down
277297,13,80,up
277297,13,82,down
277313,26,57,down
277325,28,82,down
277338,7,20,up
277381,62,96,down
277393,79,7,up
277437,96,1,up
277437,96,93,up
277437,28,70,up
277437,96,1,down
277437,96,93,down
277437,28,70,down
277482,6,7,up
277482,6,7,down
277541,88,70,up
277574,1,96,down
277703,7,6,up
277703,7,6,down
277703,7,20,down
277944,15,80,down
278072,93,1,down
278105,80,15,down
278224,1,93,up
278224,1,93,down
278562,84,70,up
278562,84,70,down
278586,28,38,up
278613,85,13,up
278613,85,38,up
278613,85,5,down
278855,88,79,up
278855,88,84,up
278855,88,79,down
278855,88,84,down
278926,85,13,down
278967,13,70,up
278967,13,70,down
278967,13,85,down
278967,79,7,down
279090,38,15,up
279090,38,28,down
279092,7,79,down
279163,28,9,up
279243,85,9,up
279243,85,9,down
279255,28,56,up
279259,15,9,up
279259,15,56,up
279259,15,9,down
279285,62,96,up
279300,79,6,up
279300,79,6,down
279345,96,1,up
279345,96,62,up
279358,80,5,down
279401,58,95,down
279408,38,9,up
279408,38,9,down
279473,7,20,up
279481,84,88,up
279506,1,96,up
279518,28,9,down
279531,94,80,up
279531,94,95,down
279573,56,9,up
279573,56,85,up
279573,56,38,up
279573,56,28,up
279573,56,13,up
279573,56,15,up
279573,56,9,down
279573,56,85,down
279573,56,38,down
279573,56,28,down
279596,15,5,down
279626,9,15,up
279626,9,85,up
279626,9,38,up
279626,9,15,down
279626,9,85,down
279626,9,38,down
279713,6,79,up
279713,6,79,down
279733,80,14,up
279733,80,17,up
279733,80,7,up
279733,80,14,down
279733,80,17,down
279733,80,7,down
279734,38,56,up
279734,38,56,down
279805,28,88,up
279805,28,88,down
279806,14,95,up
279807,84,70,up
279834,26,67,up
279834,26,67,down
279844,94,80,down
279859,28,95,up
279859,28,95,down
279906,85,95,up
279906,85,5,up
279906,85,56,up
279906,85,95,down
279906,85,5,down
279906,85,56,down
279906,85,15,down
279909,15,13,down
279924,56,5,up
279924,56,95,up
279924,56,80,up
279924,56,5,down
279924,56,95,down
279924,56,13,down
279924,56,80,down
279962,9,95,up
279962,9,95,down
279974,13,5,down
280006,28,56,down
280068,80,15,up
280068,80,56,up
280068,80,15,down
280068,80,56,down
280098,95,14,up
280098,95,94,down
280098,95,58,down
280098,95,17,down
280158,94,17,down
280230,15,85,down
280345,57,2,up
280345,57,2,down
280406,38,28,up
280406,38,15,down
280535,28,15,down
280544,15,28,down
280544,15,56,down
280556,56,15,down
280584,28,94,up
280722,38,94,up
280741,95,14,down
280774,14,95,down
280834,94,38,up
280834,94,28,up
280834,94,85,up
280852,85,94,up
280955,13,15,down
280988,58,85,up
280988,58,38,up
281089,14,58,up
281089,14,58,down
281122,28,58,up
281122,28,17,up
281179,85,58,up
281179,85,17,up
281236,56,58,up
281236,56,58,down
281276,96,1,down
281361,38,17,up
281361,38,58,up
281445,1,62,down
281475,94,17,up
281475,94,17,down
281488,62,1,down
281526,85,13,up
281526,85,13,down
281569,93,1,up
281657,58,56,up
281657,58,28,up
281657,58,94,down
281657,58,56,down
281657,58,17,down
281657,58,85,down
281657,58,38,down
281657,58,28,down
281674,38,17,down
281674,38,58,down
281757,88,84,up
281788,94,58,down
281840,28,56,up
281845,85,58,down
281930,28,58,down
281973,80,17,up
282034,28,41,up
282034,28,95,up
282047,14,17,up
282047,14,17,down
282097,95,56,up
282097,95,38,up
282097,95,94,up
282097,95,85,up
282097,95,28,up
282097,95,41,up
282097,95,56,down
282097,95,38,down
282111,94,41,up
282173,85,95,up
282173,85,41,up
282337,84,70,down
282337,84,88,down
282387,88,84,down
282412,95,94,down
282524,13,17,up
282685,14,80,up
282685,14,80,down
282705,26,5,up
282705,26,5,down
282743,95,17,up
282743,95,17,down
282771,79,70,up
282824,56,17,up
282932,38,41,up
282946,96,93,up
282946,96,93,down
283003,14,90,down
283048,1,93,up
283056,90,14,down
283116,85,17,down
283158,56,5,up
283158,56,17,down
283176,13,85,up
283176,13,85,down
283185,93,96,up
283185,93,14,up
283185,93,96,down
283231,80,5,up
283318,14,93,up
283318,14,93,down
283438,85,5,up
283438,85,5,down
283470,2,67,up
283475,28,5,up
283475,28,5,down
283485,67,2,up
283485,67,2,down
283499,93,14,down
283511,13,41,up
283511,13,5,up
283511,13,41,down
283511,13,5,down
283511,13,17,down
283511,13,80,down
283544,80,5,down
283544,80,13,down
283544,80,17,down
283731,79,70,down
283751,85,95,down
283876,38,28,down
283876,28,17,down
284005,1,96,down
284019,7,77,up
284019,7,79,up
284019,7,80,up
284019,7,6,up
284019,7,77,down
284019,7,79,down
284019,7,80,down
284019,7,6,down
284019,7,20,down
284053,28,41,down
284053,28,95,down
284068,95,5,up
284068,95,17,up
284068,95,56,up
284068,95,38,up
284068,95,5,down
284068,95,17,down
284068,95,85,down
284068,95,28,down
284068,95,41,down
284068,95,56,down
284086,85,56,up
284183,13,80,up
284183,13,5,up
284183,13,17,up
284183,13,80,down
284239,80,77,up
284239,80,95,up
284239,80,77,down
284293,56,77,up
284293,56,38,up
284293,56,85,up
284293,56,77,down
284293,56,38,down
284342,14,7,up
284342,14,95,up
284342,14,96,up
284342,14,80,up
284342,7,95,up
284342,7,62,up
284342,14,7,down
284342,14,95,down
284342,14,96,down
284342,14,80,down
284350,62,14,up
284350,62,80,up
284350,62,95,up
284350,62,7,up
284350,62,14,down
284366,28,85,down
284366,28,38,down
284374,90,14,up
284374,90,14,down
284394,95,80,up
284394,95,62,up
284394,95,7,up
284394,95,96,up
284409,28,56,down
284409,28,94,down
284416,85,17,up
284510,38,41,down
284510,38,85,down
284510,38,94,down
284513,13,85,up
284513,13,85,down
284545,96,95,up
284545,96,7,up
284568,80,62,up
284569,84,70,up
284611,56,17,up
284645,88,17,up
284645,88,84,up
284645,88,17,down
284658,94,38,down
284664,62,80,down
284671,7,38,up
284671,7,96,up
284708,95,80,down
284743,85,17,up
284743,85,17,down
284743,85,38,down
284783,28,38,up
284783,28,17,up
284783,28,94,up
284783,28,41,up
284783,28,56,up
284783,28,85,up
284783,28,38,down
284802,4,9,up
284827,28,17,down
284843,13,56,up
284843,13,56,down
284855,38,80,up
284855,38,62,up
284855,38,7,up
284855,38,95,up
284855,38,80,down
284863,96,38,up
284895,84,88,up
284895,84,70,down
284912,80,7,up
284912,80,38,up
284912,80,96,up
284912,80,62,down
284912,80,7,down
284912,80,38,down
284912,80,95,down
284912,80,96,down
284944,56,28,up
284944,56,41,up
284944,56,17,down
284974,9,4,up
284991,62,93,up
284991,62,38,up
284991,62,93,down
284999,94,56,up
284999,94,56,down
285016,7,93,up
285016,7,93,down
285042,95,93,up
285042,95,93,down
285162,93,62,up
285162,93,7,up
285162,93,95,up
285162,93,96,up
285162,93,38,up
285162,93,62,down
285162,93,7,down
285162,93,95,down
285162,93,96,down
285162,93,38,down
285220,96,93,up
285220,96,93,down
285253,80,13,up
285253,80,5,up
285253,80,17,up
285261,56,5,down
285261,56,28,down
285326,62,84,up
285326,62,84,down
285357,2,67,down
285360,95,84,up
285360,95,84,down
285361,90,84,up
285361,90,84,down
285373,7,84,up
285373,7,84,down
285479,13,80,up
285510,38,84,up
285510,38,96,up
285510,38,84,down
285536,96,84,up
285536,96,84,down
285543,84,62,up
285543,84,95,up
285543,84,38,up
285543,84,62,down
285543,84,95,down
285543,84,38,down
285616,88,70,down
285682,62,38,down
285696,95,38,down
285706,57,26,up
285706,57,26,down
285710,85,5,up
285710,85,13,up
285710,85,5,down
285800,7,38,down
285811,13,85,up
285833,38,62,down
285833,38,7,down
285833,38,95,down
285833,38,96,down
285846,26,57,up
285855,96,38,down
285896,56,38,up
285896,56,38,down
285907,28,38,up
285967,94,38,up
285967,94,28,down
286009,62,88,up
286009,62,88,down
286030,95,88,up
286030,95,88,down
286033,85,38,up
286160,26,57,down
286194,38,56,up
286194,38,41,up
286194,38,85,up
286194,38,28,up
286194,38,94,up
286194,38,56,down
286198,84,70,up
286198,84,70,down
286335,62,70,up
286335,62,70,down
286344,6,70,up
286344,6,70,down
286346,85,28,down
286362,95,70,up
286362,95,70,down
286473,28,17,up
286517,28,17,down
286555,56,5,up
286555,56,28,up
286555,56,17,up
286555,56,5,down
286555,56,28,down
286593,28,5,up
286675,95,62,down
286677,28,62,up
286677,28,96,up
286677,28,7,up
286677,28,95,up
286745,4,9,down
286748,7,95,down
286765,93,1,down
286825,1,93,down
286863,9,4,down
286881,56,13,up
286881,56,13,down
286881,56,17,down
287003,95,28,up
287003,95,7,down
287003,95,96,down
287007,62,28,up
287007,62,95,down
287007,62,28,down
287033,85,5,up
287033,85,5,down
287074,7,5,up
287074,7,5,down
287109,96,28,up
287109,96,95,down
287114,13,56,up
287114,13,85,down
287114,13,56,down
287149,38,95,up
287149,38,95,down
287184,84,5,up
287184,84,5,down
287184,84,88,down
287223,56,95,up
287223,56,95,down
287321,95,41,up
287321,95,85,up
287332,62,5,up
287332,62,5,down
287351,85,95,up
287361,28,4,up
287361,28,62,down
287361,28,96,down
287361,28,7,down
287361,28,4,down
287393,93,14,up
287414,7,62,down
287414,7,96,down
287421,28,5,down
287442,4,5,up
287442,4,5,down
287445,96,5,up
287445,96,4,up
287445,96,7,down
287445,96,5,down
287445,96,28,down
287445,96,4,down
287478,14,93,up
287478,14,93,down
287552,80,79,up
287552,80,6,up
287552,80,79,down
287552,80,6,down
287587,88,84,down
287646,62,7,down
287691,85,82,up
287691,85,28,up
287691,85,82,down
287691,85,95,down
287722,95,5,up
287722,95,13,up
287722,95,82,up
287722,95,38,up
287722,95,17,up
287722,95,56,up
287722,95,5,down
287722,95,13,down
287722,95,41,down
287722,95,82,down
287722,95,85,down
287722,95,38,down
287722,95,28,down
287722,95,17,down
287722,95,56,down
287743,7,20,up
287743,7,20,down
287810,9,82,up
287810,9,82,down
287840,28,95,down
288277,62,96,down
288309,58,82,up
288309,58,82,down
288335,93,14,down
288397,13,85,up
288416,7,6,up
288530,88,82,up
288530,88,82,down
288532,94,28,up
288577,57,26,up
288577,57,26,down
288635,28,17,up
288653,85,56,down
288838,7,13,up
288838,7,17,up
288838,7,80,up
288838,7,84,up
288838,7,13,down
288838,7,17,down
289028,13,7,up
289028,13,7,down
289032,96,62,down
289116,28,13,up
289116,28,13,down
289159,94,38,down
289178,7,38,up
289178,7,80,down
289178,7,84,down
289178,7,38,down
289303,85,5,up
289303,85,5,down
289303,85,13,down
289303,85,38,down
289399,84,7,up
289399,84,7,down
289514,38,80,up
289514,38,5,up
289514,38,13,up
289514,38,7,up
289514,38,84,up
289514,38,17,up
289514,38,56,up
289514,38,80,down
289514,38,5,down
289514,38,41,down
289514,38,13,down
289514,38,7,down
289514,38,84,down
289514,38,85,down
289514,38,28,down
289514,38,94,down
289514,38,17,down
289514,38,56,down
289525,80,7,up
289525,80,6,up
289525,80,56,up
289525,80,7,down
289525,80,6,down
289525,80,56,down
289551,28,38,down
289610,7,96,up
289610,7,96,down
289660,13,85,down
289670,96,84,up
289670,96,84,down
289717,84,96,up
289795,94,41,down
289795,94,85,down
289795,94,28,down
289929,85,94,down
290030,84,96,down
290055,28,94,down
290078,56,94,up
290078,56,94,down
290153,88,82,up
290153,88,82,down
290193,80,94,up
290193,80,94,down
290276,7,20,up
290276,7,20,down
290311,28,5,up
290311,28,5,down
290472,62,96,up
290576,85,5,up
290616,96,62,up
290697,2,1,up
290697,2,1,down
290779,7,17,up
290779,7,84,up
290779,7,80,up
290779,7,17,down
290779,7,84,down
290779,7,6,down
290889,85,5,down
290889,85,41,down
290889,85,17,down
290958,13,7,up
290979,84,7,up
290979,84,7,down
291059,56,41,down
291059,56,85,down
291150,28,41,down
291168,80,13,down
291276,13,5,down
291276,13,80,down
291276,13,7,down
291402,56,28,up
291486,80,5,down
291486,80,17,down
291599,28,5,up
291599,28,5,down
291612,13,56,up
291612,13,17,down
291612,13,56,down
291731,7,80,down
291743,28,17,down
291802,26,57,up
291802,26,57,down
291829,80,7,up
291829,80,84,up
291829,80,7,down
291829,80,84,down
292041,57,26,up
292041,57,26,down
292058,56,28,down
292067,28,88,up
292067,28,88,down
292094,88,7,up
292124,7,6,up
292124,7,88,up
292124,7,84,up
292124,7,6,down
292572,84,7,up
292589,28,56,down
292912,84,80,up
292912,84,80,down
293043,88,84,up
293365,56,85,up
293365,56,28,up
293419,85,56,up
293419,85,56,down
293579,7,88,down
293663,28,56,up
293679,56,85,down
293682,88,7,down
293911,84,9,up
293911,84,9,down
293957,62,96,down
294016,88,28,up
294016,88,28,down
294098,96,62,down
294239,84,88,up
294239,84,88,down
294673,88,84,down
294903,7,84,down
295098,57,26,up
295098,57,26,down
295179,84,7,down
295357,9,90,up
295357,9,90,down
295495,84,4,up
295495,84,4,down
295564,7,82,up
295564,7,82,down
295601,4,84,up
295601,4,84,down
295634,28,82,up
295852,69,88,up
295852,69,88,down
296024,28,82,down
296217,7,6,up
296217,7,6,down
297732,93,14,up
297732,93,14,down
297817,14,93,up
297817,14,93,down
298178,85,56,up
298178,85,56,down
298178,85,28,down
298811,56,28,down
298823,7,42,up
298823,7,42,down
299157,7,5,up
299157,7,84,up
299157,7,77,up
299157,7,17,up
299157,7,56,up
299157,7,58,up
299157,7,5,down
300132,7,84,down
300190,85,28,up
300190,85,28,down
300391,28,7,up
300391,28,7,down
300695,56,85,up
300695,56,85,down
300830,85,56,up
301023,56,28,up
301023,56,28,down
301156,85,28,up
301156,85,56,down
301393,28,56,down
301537,7,95,up
301537,7,95,down
301858,7,77,down
302440,28,56,up
302565,28,56,down
302640,28,7,up
302640,28,7,down
302813,28,85,down
303125,7,17,down
303125,7,56,down
303125,7,58,down
303318,56,85,up
303384,85,56,up
303527,28,85,up
303527,28,56,up
303634,56,28,up
303948,56,28,down
305096,9,82,up
305096,9,82,down
305212,56,82,up
305212,56,28,up
305212,56,82,down
305265,28,82,up
305289,85,82,up
305289,85,82,down
305420,9,4,up
305420,9,4,down
305433,7,84,up
305747,7,84,down
306354,28,82,down
307097,56,28,down
308349,56,28,up
308349,56,28,down
308667,93,14,up
309088,85,28,down
309721,14,84,up
309916,56,28,up
309941,84,14,up
310340,85,28,up
310663,14,84,down
311932,14,84,up
312558,14,84,down
315302,84,14,down
315388,14,84,up
315388,14,84,down
316819,93,14,down
316957,14,93,up
316957,14,93,down
318388,14,93,up
318388,14,93,down
318837,85,28,down
319649,56,85,down
320089,85,28,up
320405,85,56,down
320405,85,28,down
320468,28,85,down
320588,56,28,down
320641,28,56,down
341240,14,93,up
341522,93,14,up
343714,93,79,up
343750,14,79,up
343837,79,93,up
343837,79,14,up
344379,14,93,down
344379,14,79,down
344656,93,14,down
345103,79,93,down
345103,79,14,down
346223,93,79,down
346359,79,93,up
348874,79,93,down
350131,79,93,up
350131,79,93,down
353163,14,93,up
353676,28,17,up
353741,93,14,up
353741,93,14,down
353789,14,93,down
354763,7,79,up
354763,7,79,down
355108,7,6,up
355108,7,80,up
355390,28,17,down
355429,7,6,down
355742,7,80,down
356063,7,79,up
356405,28,17,up
356405,28,17,down
358182,7,80,up
358888,28,17,up
358888,28,17,down
361461,28,17,up
363224,56,28,up
363224,56,28,down
363284,28,56,up
363564,56,17,up
364543,56,28,up
365796,56,28,down
367051,56,28,up
367997,56,28,down
369286,56,28,up
369606,56,88,up
369606,56,88,down
372020,28,88,up
372020,28,88,down
372470,88,56,up
372470,88,28,up
372470,88,56,down
372470,88,28,down
373785,93,14,up
373785,93,14,down
373860,14,93,up
373860,14,93,down
374680,88,82,up
374680,88,82,down
375300,56,17,down
375333,28,17,down
375419,28,56,down
375547,28,56,up
376041,14,93,up
376041,14,93,down
376071,28,9,up
376071,28,9,down
377201,56,28,down
377997,28,56,down
378957,28,56,up
379425,56,28,up
380101,56,28,down
381682,56,28,up
382329,56,28,down
382617,28,56,down
383783,28,56,up
384272,56,28,up
385874,56,28,down
386442,28,56,down
386792,28,85,up
387167,85,28,up
387500,56,28,up
387500,56,28,down
387551,28,56,up
387620,42,96,up
387902,28,56,down
389058,28,56,up
389320,28,56,down
391483,28,9,up
391483,28,9,down
394248,42,96,down
394447,93,14,up
394447,93,14,down
394519,14,93,up
394519,14,93,down
394872,42,96,up
395454,61,77,up
397029,4,84,up
397092,84,4,up
397092,84,4,down
397928,28,56,up
398202,56,85,up
398202,56,28,up
398273,61,77,down
398419,84,4,up
398507,85,56,up
398636,42,96,down
398914,4,84,down
399048,84,4,down
399794,56,85,down
400734,85,28,down
400796,4,84,up
401145,28,85,down
401188,28,56,down
401245,84,4,up
402425,28,56,up
402480,28,85,up
402937,85,28,up
402951,56,85,up
403589,85,28,down
403914,56,28,down
404059,28,85,down
404107,28,56,down
405950,84,4,down
406089,85,56,down
406111,56,85,down
406445,4,84,down
407831,56,85,up
408770,56,85,down
413511,93,14,up
413511,93,14,down
415975,28,77,up
433685,14,93,up
433699,28,77,down
435823,28,77,up
436778,28,77,down
438397,14,79,up
438397,14,93,down
438397,14,79,down
439797,67,2,up
439797,67,2,down
439899,2,67,up
439899,2,67,down
441467,2,67,up
441467,2,67,down
444916,2,67,up
444916,2,67,down
446058,67,2,up
446058,67,2,down
446168,2,67,up
446413,28,82,up
446940,15,82,up
446940,15,28,up
446995,28,15,up
447007,42,15,up
447007,42,15,down
447426,2,67,down
447632,67,2,up
448562,15,56,up
448748,28,56,up
448924,56,28,up
448924,56,82,up
448924,56,15,up
448924,56,28,down
449055,28,42,up
449055,28,42,down
449213,67,2,down
450171,42,82,up
450182,56,28,up
450498,42,56,up
450498,42,56,down
451153,42,82,down
453014,28,42,up
453014,28,42,down
453685,15,82,down
454026,15,42,up
454026,15,42,down
454278,56,42,up
454278,56,42,down
454278,56,82,down
454339,15,56,down
454339,15,28,down
454616,28,82,down
454888,15,28,up
454888,15,56,up
457562,9,4,up
457562,9,4,down
457963,28,77,up
458188,28,77,down
458600,93,14,up
458600,93,14,down
458674,15,85,up
458674,85,84,up
458674,85,84,down
458710,56,85,up
458710,56,85,down
458738,28,85,up
458848,14,93,up
458850,9,61,up
458850,9,61,down
459021,85,28,up
459021,85,15,up
459343,85,56,up
459343,85,56,down
459621,15,28,down
459657,85,28,down
459670,56,28,down
459881,28,85,down
459925,28,15,down
459925,28,56,down
460147,28,61,up
460169,93,14,up
460310,61,28,up
460431,14,93,down
460625,56,85,up
460796,93,14,down
460923,85,56,up
461254,61,28,down
461415,9,15,up
461415,9,56,up
461415,9,15,down
461415,9,56,down
461742,9,77,up
461742,9,20,up
461742,9,77,down
461742,9,20,down
463445,61,28,up
463607,28,77,up
463760,61,77,up
463760,61,77,down
464341,28,77,down
464384,28,61,down
464705,61,28,down
464746,56,85,down
464968,15,28,up
464968,28,85,up
464968,28,56,up
464968,28,15,up
465030,85,28,up
465614,15,28,down
466039,56,28,up
466039,56,85,up
466609,85,28,down
466874,15,28,up
466897,58,84,up
466897,58,84,down
467448,4,77,up
467448,4,77,down
467526,28,77,up
467526,28,77,down
467818,15,28,down
468502,85,28,up
468590,56,28,down
469083,15,28,up
469219,56,85,down
469861,56,28,up
471124,56,85,up
471124,56,85,down
471294,15,7,up
471449,28,7,up
471452,56,7,up
471459,85,7,up
471622,15,7,down
471772,85,7,down
471786,56,7,down
471799,28,7,down
471841,7,85,up
471841,7,15,up
471841,7,56,up
471841,7,85,down
472509,7,15,down
472509,7,56,down
473100,56,85,up
474030,85,28,down
474536,28,77,up
474536,28,77,down
475603,85,28,up
476230,85,28,down
477077,15,85,down
477077,15,56,down
477171,85,15,down
477274,26,57,up
477455,57,26,up
477504,85,28,up
477635,56,15,down
477817,85,28,down
477948,56,28,down
478030,28,85,down
478030,28,56,down
478131,85,56,down
478370,93,14,up
478370,93,14,down
479534,56,85,down
480196,28,15,down
480308,28,15,up
480794,28,77,up
480867,15,77,up
480867,15,77,down
481184,28,77,down
482000,26,57,down
482159,57,26,down
483115,15,28,down
483902,28,15,down
484786,28,77,up
489268,28,77,down
500229,28,77,up
516385,28,77,down
518761,88,84,up
518761,88,84,down
519397,88,70,up
519694,70,88,up
519694,70,88,down
519746,28,5,up
520340,88,70,down
520406,90,6,up
520406,90,6,down
520757,90,5,up
520757,90,5,down
520952,14,84,up
520952,14,4,up
520952,14,90,up
520952,14,84,down
520952,14,4,down
521088,90,84,up
521088,90,14,up
521088,90,84,down
521959,57,26,up
522014,9,62,up
522040,79,6,up
522040,79,77,up
522040,79,84,up
522040,79,6,down
522040,79,77,down
522040,79,84,down
522043,62,9,up
522135,26,57,up
522392,28,38,up
522450,38,28,up
522586,57,26,down
522593,70,77,up
522762,26,57,down
522909,70,84,up
523015,28,13,up
523015,28,13,down
523377,13,5,up
523405,28,5,down
523455,28,20,up
523455,28,20,down
523671,28,38,down
523763,38,80,up
523763,38,80,down
523910,28,5,up
523910,28,38,up
524012,13,80,up
524117,80,5,up
524117,80,13,up
524430,80,5,down
524517,28,5,down
524618,28,88,up
524618,28,88,down
524649,13,5,down
524754,69,2,up
524788,70,77,down
524788,70,84,down
524838,2,69,up
525045,88,84,up
525097,28,70,up
525097,28,70,down
525287,13,84,up
525365,88,70,up
525384,80,84,up
525389,70,84,up
525389,70,88,up
525691,93,96,up
525946,13,84,down
526052,28,5,up
526063,1,93,up
526135,62,9,down
526148,9,62,down
526319,93,1,up
526351,80,5,up
526581,13,5,up
526924,4,9,up
526924,4,9,down
527281,93,96,down
527332,1,96,up
527332,1,96,down
527895,69,2,down
528089,79,20,up
528089,79,20,down
528174,13,84,up
528385,96,1,up
528397,28,95,up
528405,26,57,up
528405,26,57,down
528487,13,84,down
528529,95,28,up
528565,57,26,up
528565,57,26,down
528614,28,5,down
528616,80,5,down
528616,80,13,down
528663,38,95,up
528663,38,95,down
528720,79,7,up
528720,79,7,down
528765,7,79,up
528765,7,79,down
528801,13,5,down
528815,88,84,down
528851,95,38,up
528851,95,38,down
528915,70,84,down
528929,80,84,down
529165,95,28,down
529210,14,90,down
529230,1,96,up
529294,2,69,down
529314,90,14,down
529460,80,84,up
529460,80,13,up
529462,13,95,up
529462,13,95,down
529546,14,84,up
529546,14,84,down
530003,15,28,up
530003,15,80,up
530058,28,15,up
530058,28,95,down
530144,95,90,up
530144,95,90,down
530237,28,5,up
530237,28,5,down
530272,90,95,up
530272,90,95,down
530323,15,5,up
530423,80,15,up
530526,1,96,down
530544,28,15,down
530544,28,38,down
530643,96,14,up
530643,96,1,down
530643,96,14,down
530646,15,13,up
530646,15,28,down
530741,93,14,up
530756,80,79,up
530756,80,5,up
530756,80,79,down
530788,57,26,up
530815,13,5,up
530815,13,84,up
530815,13,15,up
530817,14,1,up
530817,14,93,up
530842,1,14,up
530869,38,28,down
530979,15,5,down
531073,80,5,down
531127,88,84,up
531127,88,84,down
531128,13,5,down
531238,26,57,up
531340,15,56,up
531340,15,80,down
531340,15,56,down
531372,93,70,up
531372,93,14,down
531386,80,84,down
531456,14,70,up
531456,14,6,up
531456,14,1,down
531456,14,93,down
531456,14,70,down
531472,88,1,up
531472,88,14,up
531472,88,93,up
531472,88,6,up
531472,88,1,down
531472,88,14,down
531472,88,93,down
531490,1,6,up
531490,1,70,up
531490,1,88,up
531490,1,6,down
531490,1,70,down
531490,1,14,down
531490,1,88,down
531517,85,79,up
531517,85,79,down
531578,38,15,up
531578,38,79,up
531578,38,56,up
531578,38,15,down
531578,38,79,down
531578,38,56,down
531597,70,1,up
531597,70,93,up
531597,70,6,up
531597,70,1,down
531597,70,93,down
531615,56,15,up
531615,56,80,up
531615,56,85,up
531615,56,15,down
531615,56,80,down
531615,56,85,down
531677,69,2,up
531705,93,6,up
531705,93,56,up
531705,93,88,up
531705,93,70,down
531705,93,6,down
531705,93,56,down
531705,93,88,down
531786,13,56,up
531786,13,80,down
531786,13,56,down
531790,88,56,up
531809,2,69,up
531847,85,15,up
531889,26,2,up
531889,26,69,up
531913,38,1,up
531913,38,93,up
531913,38,14,up
531913,38,7,up
531913,38,1,down
531913,38,93,down
531915,70,56,up
531950,56,38,up
531950,56,88,up
531950,56,70,up
531950,56,6,up
532007,69,26,up
532007,69,57,up
532017,15,85,up
532040,7,1,up
532040,7,93,up
532040,7,70,up
532040,7,6,up
532040,7,38,up
532040,7,56,up
532040,7,1,down
532040,7,93,down
532064,57,2,up
532064,57,69,up
532064,57,2,down
532113,88,38,up
532129,2,26,up
532129,2,57,up
532129,2,69,down
532129,2,26,down
532129,2,57,down
532136,13,85,up
532136,13,84,down
532136,13,85,down
532202,26,2,down
532234,38,62,up
532234,38,6,up
532234,70,7,up
532273,56,7,up
532273,56,62,up
532321,69,2,down
532331,15,85,down
532381,7,14,up
532381,7,88,up
532381,7,62,up
532381,7,14,down
532428,88,62,up
532448,62,88,up
532448,62,14,up
532448,62,70,up
532448,62,6,up
532448,62,56,up
532448,62,7,up
532448,62,38,up
532483,14,88,up
532483,14,56,up
532483,14,62,up
532483,14,7,up
532483,14,38,up
532549,38,88,up
532553,70,62,up
532754,1,14,up
532754,1,14,down
532821,14,70,up
532886,70,14,up
532886,70,38,up
532925,56,14,up
532925,56,38,down
532962,28,85,up
533073,88,14,up
533073,88,7,up
533125,85,28,up
533186,38,70,up
533186,38,56,up
533186,38,88,down
533291,93,14,up
533291,93,14,down
533326,7,88,down
533386,88,6,down
533386,88,70,down
533386,88,56,down
533386,88,14,down
533386,88,62,down
533386,88,7,down
533386,88,38,down
533388,62,88,down
533459,13,84,up
533474,14,1,up
533474,14,1,down
533474,14,88,down
533528,70,88,down
533557,56,14,down
533557,56,88,down
533632,15,85,up
533632,15,28,up
533643,7,14,up
533784,28,15,up
533796,85,13,up
533796,85,13,down
534121,14,56,down
534121,14,70,down
534195,56,38,up
534295,15,13,down
534295,15,85,down
534411,13,84,down
534470,70,14,down
534582,28,79,up
534644,62,14,down
534674,1,14,up
534676,7,14,down
534677,28,13,up
534694,79,15,up
534694,79,85,up
534694,79,28,up
534694,79,15,down
534694,79,85,down
534694,79,28,down
534744,85,79,up
534744,85,15,down
534744,85,79,down
534748,14,62,down
534748,14,7,down
534748,14,6,down
534748,14,38,down
534765,28,79,down
534785,38,14,down
534824,56,14,up
534824,56,14,down
534983,28,85,down
534987,1,14,down
535000,9,4,up
535000,9,4,down
535084,14,90,up
535263,28,80,up
535263,28,80,down
535330,90,14,up
535350,28,13,down
535350,28,15,down
535395,28,15,up
535698,13,80,up
535906,15,80,up
535906,15,13,up
536003,28,85,up
536038,38,70,down
536046,13,84,up
536051,70,38,down
536249,15,85,up
536249,15,85,down
536885,80,90,up
536885,80,14,up
536885,80,79,up
536885,80,90,down
536885,80,14,down
536885,80,79,down
537112,61,5,up
537317,70,38,up
537317,70,38,down
537589,85,28,down
537838,80,15,down
537864,15,85,up
537883,28,85,down
537906,85,15,up
537926,38,70,up
537926,38,56,down
538092,62,70,down
538092,62,6,down
538092,62,56,down
538092,62,7,down
538092,62,38,down
538124,1,82,up
538214,26,57,down
538244,38,82,up
538244,38,62,down
538244,38,6,down
538244,38,70,down
538244,38,7,down
538244,38,82,down
538252,7,82,up
538252,7,70,down
538252,7,6,down
538252,7,38,down
538252,7,62,down
538252,7,82,down
538252,7,56,down
538262,70,82,up
538262,70,62,down
538262,70,6,down
538262,70,7,down
538262,70,82,down
538262,70,56,down
538296,56,70,down
538296,56,7,down
538296,56,62,down
538296,56,38,down
538324,93,82,up
538375,28,80,up
538375,28,80,down
538437,1,82,down
538526,15,38,up
538570,7,79,up
538604,38,28,up
538604,38,15,up
538616,56,82,up
538616,56,6,down
538631,69,26,down
538631,69,57,down
538655,57,69,down
538688,28,38,up
538769,79,7,up
538840,26,69,down
538843,15,56,up
538884,14,20,up
538884,14,20,down
538915,85,20,up
538915,85,56,up
538915,85,28,up
538915,85,20,down
538921,4,20,up
538921,4,20,down
538954,56,85,up
538954,56,15,up
538962,70,80,up
538962,70,13,up
538995,28,56,up
538995,28,85,up
539114,80,15,up
539114,80,70,up
539163,15,70,up
539163,15,82,up
539234,85,38,up
539235,13,70,up
539259,38,85,up
539277,93,82,down
539301,70,15,up
539304,57,26,down
539369,62,96,up
539369,62,96,down
539446,80,56,up
539446,80,82,up
539446,80,15,down
539446,80,56,down
539463,28,82,up
539463,28,82,down
539480,15,28,down
539539,96,62,up
539547,85,38,down
539547,85,28,down
539578,38,85,down
539646,70,56,up
539646,70,82,up
539646,70,56,down
539824,14,90,down
539860,85,15,down
539860,85,56,down
539867,13,82,up
539904,38,28,down
539914,56,13,up
539914,56,80,up
539914,56,13,down
539914,56,80,down
539923,93,62,up
539923,93,62,down
540037,62,9,up
540037,62,9,down
540050,9,90,up
540050,9,90,down
540097,90,4,up
540129,28,70,up
540129,28,7,up
540129,28,6,up
540129,28,13,up
540129,28,77,up
540129,28,79,up
540129,28,80,up
540191,96,93,up
540203,13,56,up
540203,13,84,down
540203,13,56,down
540227,56,85,down
540394,28,6,down
540469,15,70,down
540469,15,80,down
540523,28,7,down
540523,28,77,down
540523,28,79,down
540588,28,82,up
540588,28,80,down
540588,28,85,down
540590,70,80,down
540590,70,13,down
540590,70,15,down
540590,70,82,down
540636,28,13,down
540636,28,82,down
540648,1,96,up
540673,62,96,up
540673,62,96,down
540705,80,70,down
540705,80,13,down
540705,80,82,down
540729,28,70,down
540729,28,56,down
540729,28,15,down
540729,28,38,down
540806,85,82,up
540806,85,82,down
540834,13,70,down
540834,13,80,down
540868,96,1,up
540868,96,93,down
540913,70,84,up
540961,1,96,down
541048,80,6,up
541048,80,77,up
541048,80,20,up
541048,80,79,up
541153,15,28,up
541187,56,38,up
541424,7,79,down
541471,15,85,down
541692,80,6,down
541692,80,77,down
541692,80,20,down
541692,80,79,down
541771,85,38,up
541798,14,28,up
541798,14,28,down
541816,13,84,up
541825,38,56,up
541825,38,85,up
541853,70,84,down
541905,28,38,up
541905,28,15,up
541905,28,82,up
541905,28,85,up
541905,28,56,up
542035,80,82,up
542035,80,13,up
542035,80,15,up
542048,28,13,up
542048,28,13,down
542099,85,28,up
542133,13,80,up
542156,15,80,up
542156,15,38,down
542167,38,28,up
542180,61,5,down
542228,1,96,up
542282,62,96,up
542446,13,84,down
542469,15,56,down
542481,38,15,down
542484,96,93,up
542509,70,26,up
542509,70,26,down
542537,56,80,up
542537,56,85,up
542537,56,28,up
542554,79,7,down
542672,80,56,up
542672,80,56,down
542691,28,5,up
542691,28,70,up
542736,28,70,down
542743,85,70,up
542743,85,70,down
542785,15,5,up
542785,15,28,down
542801,38,70,up
542801,38,70,down
542848,70,56,up
542848,70,56,down
542900,56,5,up
542900,56,13,up
542900,56,5,down
542900,56,80,down
542964,28,82,down
543060,85,5,up
543060,85,56,up
543060,85,5,down
543060,85,56,down
543060,85,28,down
543081,93,96,up
543106,7,5,up
543106,7,5,down
543124,38,5,up
543124,38,56,down
543124,38,28,down
543170,70,84,up
543190,28,5,down
543190,28,38,down
543190,28,85,down
543213,56,13,down
543213,56,15,down
543213,56,82,down
543213,56,85,down
543213,56,38,down
543235,28,15,down
543301,90,4,down
543391,14,90,up
543392,13,5,up
543437,38,5,down
543522,79,70,up
543522,79,84,up
543527,56,28,down
543551,15,38,up
543551,15,85,up
543551,15,82,down
543551,15,38,down
543616,80,82,down
543726,13,82,down
543762,7,80,up
543797,1,96,down
543827,70,79,up
543871,15,80,down
543995,80,5,up
543995,80,84,up
543995,80,7,up
543995,80,6,up
543995,80,5,down
543995,80,84,down
544043,13,5,down
544048,85,15,up
544248,90,14,down
544323,80,70,up
544323,80,77,up
544323,80,70,down
544323,80,13,down
544323,80,15,down
544351,14,90,down
544364,13,80,down
544540,15,7,up
544711,80,38,up
544711,80,79,up
544711,80,7,down
544711,80,38,down
544770,70,79,down
544779,96,1,down
544803,26,2,up
544804,79,70,down
544804,79,84,down
544869,7,70,up
544869,7,13,up
544869,7,15,up
544869,7,84,up
544869,7,95,up
544869,7,79,up
544869,7,70,down
544869,7,13,down
544869,7,15,down
544869,7,84,down
544869,7,95,down
544888,90,5,up
544888,90,5,down
544896,15,82,up
544896,15,7,down
545010,85,15,down
545120,79,80,up
545120,79,80,down
545121,26,95,up
545169,2,95,up
545222,95,2,up
545222,95,26,up
545271,15,38,up
545271,15,85,down
545361,13,7,up
545361,13,84,up
545361,13,82,up
545361,13,5,up
545361,13,7,down
545361,13,84,down
545412,80,20,up
545585,15,38,down
545649,7,9,up
545649,7,9,down
545674,38,15,up
545721,56,28,up
545770,26,2,down
545770,26,95,down
545804,2,26,up
545804,2,26,down
545804,2,95,down
545863,95,2,down
545863,95,26,down
545951,85,38,down
545994,38,15,down
546008,1,96,up
546008,1,96,down
546064,79,7,up
546290,7,80,down
546360,70,84,down
546416,80,7,up
546416,80,79,down
546416,80,7,down
546419,96,93,down
546571,93,1,down
546571,93,96,down
546636,1,93,down
546884,15,85,up
546954,13,84,up
546954,13,84,down
547009,79,80,up
547009,79,80,down
547042,28,56,down
547093,80,6,down
547107,96,1,up
547107,96,1,down
547190,14,93,up
547190,14,93,down
547197,15,85,down
547200,93,14,up
547235,85,15,up
547235,85,15,down
547322,79,7,down
547510,15,82,down
547545,7,79,down
547548,93,61,up
547548,93,61,down
547562,85,82,up
547562,85,82,down
547647,9,90,up
547647,9,90,down
547724,90,9,up
547724,90,9,down
547733,80,77,down
547733,80,20,down
547824,15,5,down
547824,15,13,down
547861,93,14,down
547881,85,5,up
547881,85,5,down
547897,13,82,down
547986,28,56,up
547986,28,56,down
548059,80,15,up
548059,80,13,up
548059,80,5,up
548059,80,15,down
548174,15,7,up
548174,15,7,down
548205,85,38,up
548217,13,80,up
548217,13,15,down
548289,9,15,up
548289,9,15,down
548540,85,6,up
548540,85,6,down
548574,56,28,down
548843,1,96,up
548843,1,96,down
548941,28,80,up
548941,28,5,up
548941,28,85,up
548941,28,38,up
548941,28,80,down
548996,28,79,up
549034,96,1,up
549036,80,79,up
549036,80,79,down
549084,28,79,down
549204,38,28,up
549393,28,5,down
549796,13,5,down
549808,28,13,up
549946,28,9,up
549946,28,9,down
550123,85,39,up
550123,85,28,up
550123,85,39,down
550123,85,38,down
550146,79,93,up
550146,79,93,down
550160,38,85,down
550160,38,28,down
550249,28,38,down
550290,80,13,down
550293,28,13,down
550417,93,79,up
550417,93,79,down
550421,13,80,down
550638,14,93,up
550733,93,14,up
550733,93,14,down
550741,1,96,up
550749,28,5,up
550749,28,5,down
550792,28,85,down
551063,85,28,down
551526,95,38,up
551526,95,38,down
551589,13,80,up
551589,13,95,up
551589,13,95,down
551596,96,62,down
551736,28,85,up
551758,62,96,down
551775,9,5,up
551775,9,5,down
551853,95,5,up
551863,80,5,down
551903,13,80,down
551910,96,1,down
551995,1,96,down
552055,26,57,up
552160,57,26,up
552316,85,28,up
552316,85,28,down
552775,69,2,up
552775,69,2,down
552797,95,5,down
553283,85,5,up
553283,85,5,down
553296,28,5,up
553647,62,9,up
553647,62,9,down
553663,9,62,up
553663,9,62,down
553929,85,28,up
554271,26,57,down
554372,57,26,down
554403,14,93,down
554557,93,14,up
554557,93,14,down
555173,28,11,up
555217,85,11,up
555217,85,56,up
555217,85,11,down
555223,28,56,up
555223,28,11,down
555587,56,5,up
555587,56,85,up
555587,56,28,up
556196,85,5,up
556196,85,5,down
556704,28,5,down
556861,56,5,down
557329,15,56,up
557329,15,28,up
557493,56,15,up
557493,28,15,up
557662,15,85,up
557954,28,91,up
557954,28,66,up
557988,15,91,up
557988,15,66,up
557988,15,91,down
557988,15,56,down
558135,85,91,up
558135,85,66,up
558135,85,15,up
558135,85,91,down
558142,56,91,up
558142,56,66,up
558142,56,91,down
558270,28,16,up
558270,28,91,down
558309,15,16,up
558309,15,66,down
558309,15,16,down
558309,15,28,down
558455,85,16,up
558455,85,16,down
558472,56,16,up
558472,56,16,down
558574,16,66,up
558574,16,15,up
558574,16,85,up
558574,16,56,up
558574,16,28,up
558574,16,66,down
558574,16,15,down
558574,16,85,down
558574,16,56,down
558574,16,28,down
558632,28,5,up
558677,28,16,down
558771,85,66,down
558771,85,28,down
558794,56,66,down
558794,56,85,down
558854,28,66,down
559109,56,5,up
559268,15,5,up
559268,15,56,up
559271,28,71,up
559271,28,71,down
559430,56,3,up
559430,56,3,down
559610,15,86,up
559610,15,28,up
559610,15,85,down
559610,15,86,down
559628,28,72,up
559628,28,72,down
559743,56,28,down
559782,28,86,up
559874,28,86,down
559924,15,5,down
559924,15,56,down
559924,15,28,down
560082,85,7,up
560082,85,28,up
560082,85,7,down
560149,28,45,up
560193,28,45,down
560333,28,7,up
560333,28,7,down
560370,56,15,down
560395,85,15,down
560422,28,15,down
560558,28,92,up
560558,28,92,down
560716,85,5,up
560716,85,5,down
560716,85,56,down
560745,28,82,up
560886,28,25,up
560886,28,25,down
560938,28,10,up
560984,28,10,down
561030,28,82,down
561037,56,82,up
561037,56,85,up
561037,56,5,down
561037,56,82,down
561078,28,77,up
561176,28,38,up
561220,28,38,down
561374,56,77,up
561374,56,51,up
561374,56,28,up
561374,56,77,down
561374,56,51,down
561404,85,77,up
561404,85,51,up
561404,85,77,down
561404,85,51,down
561417,28,51,up
561417,28,51,down
561444,77,5,up
561444,77,12,up
561444,77,44,up
561444,77,85,up
561444,77,56,up
561444,77,5,down
561444,77,12,down
561444,77,44,down
561444,77,85,down
561444,77,56,down
561483,26,57,up
561551,28,12,up
561551,28,44,up
561597,28,77,down
561641,28,12,down
561641,28,44,down
561741,28,18,up
561789,28,18,down
561847,28,60,up
561847,28,37,up
561987,28,60,down
562025,56,60,up
562025,56,60,down
562036,28,11,up
562043,85,11,up
562134,28,31,up
562134,28,64,up
562179,28,31,down
562179,28,37,down
562226,28,64,down
562295,28,23,up
562355,56,11,up
562355,56,16,up
562355,56,11,down
562355,56,16,down
562373,85,16,up
562373,85,56,up
562373,85,11,down
562373,85,16,down
562373,85,56,down
562407,28,50,up
562407,28,16,up
562407,28,82,up
562445,11,16,up
562445,11,50,up
562445,11,82,up
562445,11,85,up
562445,11,56,up
562445,11,28,up
562445,11,16,down
562445,11,50,down
562445,11,82,down
562445,11,85,down
562445,11,56,down
562445,11,28,down
562454,28,11,down
562454,28,50,down
562547,28,23,down
562569,57,26,up
562594,28,35,up
562594,28,16,down
562594,28,35,down
562693,28,78,up
562693,28,78,down
562722,56,78,up
562722,56,5,up
562722,56,82,up
562722,56,78,down
