0,1,18109,2016-04-26 00:10:33.184000,2016-04-26 00:10:33.416000
1,1,18053,2016-04-26 00:10:33.184000,2016-04-26 00:10:33.416000
2,1,22371,2016-04-26 00:10:33.185000,2016-04-26 00:10:33.416000
3,1,18048,2016-04-26 00:10:33.185000,2016-04-26 00:10:33.416000
4,1,18048,2016-04-26 00:10:33.185000,2016-04-26 00:10:33.416000
0,2,161364,2016-04-26 00:10:58.201000,2016-04-26 00:10:58.565000
1,2,169549,2016-04-26 00:10:58.201000,2016-04-26 00:10:58.565000
2,2,169545,2016-04-26 00:10:58.201000,2016-04-26 00:10:58.565000
3,2,169563,2016-04-26 00:10:58.201000,2016-04-26 00:10:58.565000
4,2,169564,2016-04-26 00:10:58.201000,2016-04-26 00:10:58.565000
0,1,18109,2016-05-06 20:05:07.203000,2016-05-06 20:05:07.794000
1,1,18053,2016-05-06 20:05:07.203000,2016-05-06 20:05:07.794000
2,1,22371,2016-05-06 20:05:07.203000,2016-05-06 20:05:07.794000
3,1,18048,2016-05-06 20:05:07.203000,2016-05-06 20:05:07.794000
4,1,18048,2016-05-06 20:05:07.203000,2016-05-06 20:05:07.794000
0,1,18109,2016-05-06 20:06:23.988000,2016-05-06 20:06:24.096000
1,1,18053,2016-05-06 20:06:23.989000,2016-05-06 20:06:24.096000
2,1,22371,2016-05-06 20:06:23.989000,2016-05-06 20:06:24.096000
3,1,18048,2016-05-06 20:06:23.989000,2016-05-06 20:06:24.097000
4,1,18048,2016-05-06 20:06:23.989000,2016-05-06 20:06:24.097000
0,1,18109,2016-05-06 20:09:09.237000,2016-05-06 20:09:09.351000
1,1,18053,2016-05-06 20:09:09.237000,2016-05-06 20:09:09.351000
2,1,22371,2016-05-06 20:09:09.237000,2016-05-06 20:09:09.351000
3,1,18048,2016-05-06 20:09:09.237000,2016-05-06 20:09:09.351000
4,1,18048,2016-05-06 20:09:09.237000,2016-05-06 20:09:09.351000
0,1,18109,2016-05-06 20:12:54.816000,2016-05-06 20:12:54.923000
1,1,18053,2016-05-06 20:12:54.816000,2016-05-06 20:12:54.923000
2,1,22371,2016-05-06 20:12:54.817000,2016-05-06 20:12:54.923000
3,1,18048,2016-05-06 20:12:54.817000,2016-05-06 20:12:54.923000
4,1,18048,2016-05-06 20:12:54.817000,2016-05-06 20:12:54.923000
0,1,18109,2016-05-06 20:53:52.714000,2016-05-06 20:53:52.843000
1,1,18053,2016-05-06 20:53:52.714000,2016-05-06 20:53:52.843000
2,1,22371,2016-05-06 20:53:52.715000,2016-05-06 20:53:52.843000
3,1,18048,2016-05-06 20:53:52.715000,2016-05-06 20:53:52.843000
4,1,18048,2016-05-06 20:53:52.715000,2016-05-06 20:53:52.843000
0,1,18109,2016-05-06 21:58:10.153000,2016-05-06 21:58:10.326000
1,1,18053,2016-05-06 21:58:10.153000,2016-05-06 21:58:10.326000
2,1,22371,2016-05-06 21:58:10.153000,2016-05-06 21:58:10.327000
3,1,18048,2016-05-06 21:58:10.153000,2016-05-06 21:58:10.327000
4,1,18048,2016-05-06 21:58:10.153000,2016-05-06 21:58:10.327000
0,1,18109,2016-05-06 22:00:49.719000,2016-05-06 22:00:49.814000
1,1,18053,2016-05-06 22:00:49.719000,2016-05-06 22:00:49.814000
2,1,22371,2016-05-06 22:00:49.719000,2016-05-06 22:00:49.814000
3,1,18048,2016-05-06 22:00:49.719000,2016-05-06 22:00:49.815000
4,1,18048,2016-05-06 22:00:49.719000,2016-05-06 22:00:49.815000
0,1,18109,2016-05-06 22:03:16.969000,2016-05-06 22:03:17.055000
1,1,18053,2016-05-06 22:03:16.969000,2016-05-06 22:03:17.055000
2,1,22371,2016-05-06 22:03:16.969000,2016-05-06 22:03:17.055000
3,1,18048,2016-05-06 22:03:16.970000,2016-05-06 22:03:17.055000
4,1,18048,2016-05-06 22:03:16.970000,2016-05-06 22:03:17.055000
0,2,18109,2016-05-07 13:47:23.331000,2016-05-07 13:47:23.416000
1,2,18053,2016-05-07 13:47:23.332000,2016-05-07 13:47:23.416000
2,2,22371,2016-05-07 13:47:23.332000,2016-05-07 13:47:23.416000
3,2,18048,2016-05-07 13:47:23.332000,2016-05-07 13:47:23.416000
4,2,18048,2016-05-07 13:47:23.332000,2016-05-07 13:47:23.416000
0,1,18109,2016-05-07 13:50:35.086000,2016-05-07 13:50:35.226000
1,1,18053,2016-05-07 13:50:35.087000,2016-05-07 13:50:35.226000
2,1,22371,2016-05-07 13:50:35.087000,2016-05-07 13:50:35.226000
3,1,18048,2016-05-07 13:50:35.087000,2016-05-07 13:50:35.226000
4,1,18048,2016-05-07 13:50:35.087000,2016-05-07 13:50:35.226000
0,1,18109,2016-05-07 14:38:14.575000,2016-05-07 14:38:14.737000
1,1,18053,2016-05-07 14:38:14.575000,2016-05-07 14:38:14.737000
2,1,22371,2016-05-07 14:38:14.575000,2016-05-07 14:38:14.737000
3,1,18048,2016-05-07 14:38:14.576000,2016-05-07 14:38:14.737000
4,1,18048,2016-05-07 14:38:14.576000,2016-05-07 14:38:14.737000
0,1,18109,2016-05-07 14:53:31.046000,2016-05-07 14:53:31.192000
1,1,18053,2016-05-07 14:53:31.046000,2016-05-07 14:53:31.192000
2,1,22371,2016-05-07 14:53:31.046000,2016-05-07 14:53:31.192000
3,1,18048,2016-05-07 14:53:31.047000,2016-05-07 14:53:31.192000
4,1,18048,2016-05-07 14:53:31.047000,2016-05-07 14:53:31.192000
0,1,18109,2016-05-07 15:08:04.919000,2016-05-07 15:08:05.078000
1,1,18053,2016-05-07 15:08:04.920000,2016-05-07 15:08:05.078000
2,1,22371,2016-05-07 15:08:04.920000,2016-05-07 15:08:05.078000
3,1,18048,2016-05-07 15:08:04.920000,2016-05-07 15:08:05.078000
4,1,18048,2016-05-07 15:08:04.920000,2016-05-07 15:08:05.078000
0,1,18109,2016-05-07 15:17:50.941000,2016-05-07 15:17:51.048000
1,1,18053,2016-05-07 15:17:50.942000,2016-05-07 15:17:51.048000
2,1,22371,2016-05-07 15:17:50.942000,2016-05-07 15:17:51.048000
3,1,18048,2016-05-07 15:17:50.942000,2016-05-07 15:17:51.048000
4,1,18048,2016-05-07 15:17:50.942000,2016-05-07 15:17:51.048000
0,1,18109,2016-05-07 15:21:48.706000,2016-05-07 15:21:48.868000
1,1,18053,2016-05-07 15:21:48.706000,2016-05-07 15:21:48.868000
2,1,22371,2016-05-07 15:21:48.707000,2016-05-07 15:21:48.868000
3,1,18048,2016-05-07 15:21:48.707000,2016-05-07 15:21:48.868000
4,1,18048,2016-05-07 15:21:48.707000,2016-05-07 15:21:48.868000
0,1,18109,2016-05-07 15:23:48.466000,2016-05-07 15:23:48.574000
1,1,18053,2016-05-07 15:23:48.467000,2016-05-07 15:23:48.574000
2,1,22371,2016-05-07 15:23:48.467000,2016-05-07 15:23:48.574000
3,1,18048,2016-05-07 15:23:48.467000,2016-05-07 15:23:48.574000
4,1,18048,2016-05-07 15:23:48.467000,2016-05-07 15:23:48.574000
0,1,18109,2016-05-07 15:28:04.672000,2016-05-07 15:28:04.800000
1,1,18053,2016-05-07 15:28:04.673000,2016-05-07 15:28:04.800000
2,1,22371,2016-05-07 15:28:04.673000,2016-05-07 15:28:04.800000
3,1,18048,2016-05-07 15:28:04.673000,2016-05-07 15:28:04.800000
4,1,18048,2016-05-07 15:28:04.673000,2016-05-07 15:28:04.800000
0,1,18109,2016-05-07 15:31:43.613000,2016-05-07 15:31:43.696000
1,1,18053,2016-05-07 15:31:43.614000,2016-05-07 15:31:43.696000
2,1,22371,2016-05-07 15:31:43.614000,2016-05-07 15:31:43.696000
3,1,18048,2016-05-07 15:31:43.614000,2016-05-07 15:31:43.696000
4,1,18048,2016-05-07 15:31:43.614000,2016-05-07 15:31:43.696000
0,1,18109,2016-05-07 15:33:20.610000,2016-05-07 15:33:20.759000
1,1,18053,2016-05-07 15:33:20.610000,2016-05-07 15:33:20.759000
2,1,22371,2016-05-07 15:33:20.610000,2016-05-07 15:33:20.759000
3,1,18048,2016-05-07 15:33:20.611000,2016-05-07 15:33:20.759000
4,1,18048,2016-05-07 15:33:20.611000,2016-05-07 15:33:20.759000
0,1,18109,2016-05-07 15:36:53.676000,2016-05-07 15:36:53.802000
1,1,18053,2016-05-07 15:36:53.677000,2016-05-07 15:36:53.802000
2,1,22371,2016-05-07 15:36:53.677000,2016-05-07 15:36:53.802000
3,1,18048,2016-05-07 15:36:53.677000,2016-05-07 15:36:53.802000
4,1,18048,2016-05-07 15:36:53.677000,2016-05-07 15:36:53.802000
0,1,18109,2016-05-07 15:39:14.821000,2016-05-07 15:39:14.939000
1,1,18053,2016-05-07 15:39:14.822000,2016-05-07 15:39:14.939000
2,1,22371,2016-05-07 15:39:14.822000,2016-05-07 15:39:14.939000
3,1,18048,2016-05-07 15:39:14.822000,2016-05-07 15:39:14.939000
4,1,18048,2016-05-07 15:39:14.822000,2016-05-07 15:39:14.939000
0,1,18109,2016-05-07 15:40:19.950000,2016-05-07 15:40:20.060000
1,1,18053,2016-05-07 15:40:19.950000,2016-05-07 15:40:20.060000
2,1,22371,2016-05-07 15:40:19.951000,2016-05-07 15:40:20.060000
3,1,18048,2016-05-07 15:40:19.951000,2016-05-07 15:40:20.060000
4,1,18048,2016-05-07 15:40:19.951000,2016-05-07 15:40:20.060000
0,1,18109,2016-05-07 15:46:41.515000,2016-05-07 15:46:41.683000
1,1,18053,2016-05-07 15:46:41.516000,2016-05-07 15:46:41.684000
2,1,22371,2016-05-07 15:46:41.516000,2016-05-07 15:46:41.684000
3,1,18048,2016-05-07 15:46:41.516000,2016-05-07 15:46:41.684000
4,1,18048,2016-05-07 15:46:41.516000,2016-05-07 15:46:41.684000
0,1,18109,2016-05-07 16:12:21.299000,2016-05-07 16:12:21.417000
1,1,18053,2016-05-07 16:12:21.299000,2016-05-07 16:12:21.417000
2,1,22371,2016-05-07 16:12:21.299000,2016-05-07 16:12:21.417000
3,1,18048,2016-05-07 16:12:21.299000,2016-05-07 16:12:21.417000
4,1,18048,2016-05-07 16:12:21.299000,2016-05-07 16:12:21.417000
0,1,18109,2016-05-07 16:30:35.629000,2016-05-07 16:30:35.786000
1,1,18053,2016-05-07 16:30:35.629000,2016-05-07 16:30:35.786000
2,1,22371,2016-05-07 16:30:35.629000,2016-05-07 16:30:35.786000
3,1,18048,2016-05-07 16:30:35.629000,2016-05-07 16:30:35.786000
4,1,18048,2016-05-07 16:30:35.629000,2016-05-07 16:30:35.786000
0,1,18109,2016-05-07 16:31:41.980000,2016-05-07 16:31:42.063000
1,1,18053,2016-05-07 16:31:41.980000,2016-05-07 16:31:42.063000
2,1,22371,2016-05-07 16:31:41.980000,2016-05-07 16:31:42.063000
3,1,18048,2016-05-07 16:31:41.980000,2016-05-07 16:31:42.063000
4,1,18048,2016-05-07 16:31:41.980000,2016-05-07 16:31:42.063000
0,1,18109,2016-05-07 16:32:45.186000,2016-05-07 16:32:45.324000
1,1,18053,2016-05-07 16:32:45.186000,2016-05-07 16:32:45.324000
2,1,22371,2016-05-07 16:32:45.186000,2016-05-07 16:32:45.324000
3,1,18048,2016-05-07 16:32:45.186000,2016-05-07 16:32:45.324000
4,1,18048,2016-05-07 16:32:45.187000,2016-05-07 16:32:45.324000
0,1,18109,2016-05-07 16:34:58.852000,2016-05-07 16:34:59.006000
1,1,18053,2016-05-07 16:34:58.852000,2016-05-07 16:34:59.006000
2,1,22371,2016-05-07 16:34:58.852000,2016-05-07 16:34:59.006000
3,1,18048,2016-05-07 16:34:58.852000,2016-05-07 16:34:59.006000
4,1,18048,2016-05-07 16:34:58.853000,2016-05-07 16:34:59.006000
0,1,18109,2016-05-07 16:37:08.411000,2016-05-07 16:37:08.531000
1,1,18053,2016-05-07 16:37:08.411000,2016-05-07 16:37:08.531000
2,1,22371,2016-05-07 16:37:08.411000,2016-05-07 16:37:08.531000
3,1,18048,2016-05-07 16:37:08.411000,2016-05-07 16:37:08.531000
4,1,18048,2016-05-07 16:37:08.412000,2016-05-07 16:37:08.531000
0,1,18109,2016-05-07 16:41:12.012000,2016-05-07 16:41:12.115000
1,1,18053,2016-05-07 16:41:12.013000,2016-05-07 16:41:12.115000
2,1,22371,2016-05-07 16:41:12.013000,2016-05-07 16:41:12.115000
3,1,18048,2016-05-07 16:41:12.013000,2016-05-07 16:41:12.115000
4,1,18048,2016-05-07 16:41:12.013000,2016-05-07 16:41:12.115000
0,1,18109,2016-05-07 16:47:51.250000,2016-05-07 16:47:51.407000
1,1,18053,2016-05-07 16:47:51.250000,2016-05-07 16:47:51.407000
2,1,22371,2016-05-07 16:47:51.251000,2016-05-07 16:47:51.407000
3,1,18048,2016-05-07 16:47:51.251000,2016-05-07 16:47:51.407000
4,1,18048,2016-05-07 16:47:51.251000,2016-05-07 16:47:51.407000
0,1,18109,2016-05-07 16:49:57.850000,2016-05-07 16:49:57.959000
1,1,18053,2016-05-07 16:49:57.850000,2016-05-07 16:49:57.959000
2,1,22371,2016-05-07 16:49:57.850000,2016-05-07 16:49:57.959000
3,1,18048,2016-05-07 16:49:57.850000,2016-05-07 16:49:57.959000
4,1,18048,2016-05-07 16:49:57.850000,2016-05-07 16:49:57.959000
0,1,18109,2016-05-07 16:56:31.990000,2016-05-07 16:56:32.121000
1,1,18053,2016-05-07 16:56:31.990000,2016-05-07 16:56:32.121000
2,1,22371,2016-05-07 16:56:31.990000,2016-05-07 16:56:32.121000
3,1,18048,2016-05-07 16:56:31.990000,2016-05-07 16:56:32.121000
4,1,18048,2016-05-07 16:56:31.990000,2016-05-07 16:56:32.121000
0,1,18109,2016-05-07 17:07:22.370000,2016-05-07 17:07:22.468000
1,1,18053,2016-05-07 17:07:22.370000,2016-05-07 17:07:22.468000
2,1,22371,2016-05-07 17:07:22.370000,2016-05-07 17:07:22.468000
3,1,18048,2016-05-07 17:07:22.370000,2016-05-07 17:07:22.468000
4,1,18048,2016-05-07 17:07:22.370000,2016-05-07 17:07:22.468000
0,1,18109,2016-05-07 17:10:22.690000,2016-05-07 17:10:22.803000
1,1,18053,2016-05-07 17:10:22.690000,2016-05-07 17:10:22.803000
2,1,22371,2016-05-07 17:10:22.691000,2016-05-07 17:10:22.803000
3,1,18048,2016-05-07 17:10:22.691000,2016-05-07 17:10:22.803000
4,1,18048,2016-05-07 17:10:22.691000,2016-05-07 17:10:22.803000
0,1,18109,2016-05-07 17:11:11.861000,2016-05-07 17:11:11.959000
1,1,18053,2016-05-07 17:11:11.861000,2016-05-07 17:11:11.959000
2,1,22371,2016-05-07 17:11:11.861000,2016-05-07 17:11:11.959000
3,1,18048,2016-05-07 17:11:11.861000,2016-05-07 17:11:11.959000
4,1,18048,2016-05-07 17:11:11.861000,2016-05-07 17:11:11.959000
0,1,18109,2016-05-07 17:12:40.257000,2016-05-07 17:12:40.347000
1,1,18053,2016-05-07 17:12:40.258000,2016-05-07 17:12:40.347000
2,1,22371,2016-05-07 17:12:40.258000,2016-05-07 17:12:40.347000
3,1,18048,2016-05-07 17:12:40.258000,2016-05-07 17:12:40.347000
4,1,18048,2016-05-07 17:12:40.258000,2016-05-07 17:12:40.347000
0,1,18109,2016-05-07 17:17:02.423000,2016-05-07 17:17:02.572000
1,1,18053,2016-05-07 17:17:02.424000,2016-05-07 17:17:02.572000
2,1,22371,2016-05-07 17:17:02.424000,2016-05-07 17:17:02.572000
3,1,18048,2016-05-07 17:17:02.424000,2016-05-07 17:17:02.572000
4,1,18048,2016-05-07 17:17:02.424000,2016-05-07 17:17:02.572000
0,1,18109,2016-05-07 17:18:34.243000,2016-05-07 17:18:34.327000
1,1,18053,2016-05-07 17:18:34.243000,2016-05-07 17:18:34.327000
2,1,22371,2016-05-07 17:18:34.244000,2016-05-07 17:18:34.327000
3,1,18048,2016-05-07 17:18:34.244000,2016-05-07 17:18:34.327000
4,1,18048,2016-05-07 17:18:34.244000,2016-05-07 17:18:34.327000
0,1,18109,2016-05-07 19:35:16.131000,2016-05-07 19:35:16.241000
1,1,18053,2016-05-07 19:35:16.131000,2016-05-07 19:35:16.241000
2,1,22371,2016-05-07 19:35:16.131000,2016-05-07 19:35:16.241000
3,1,18048,2016-05-07 19:35:16.131000,2016-05-07 19:35:16.241000
4,1,18048,2016-05-07 19:35:16.131000,2016-05-07 19:35:16.241000
0,1,18109,2016-05-07 19:38:49.737000,2016-05-07 19:38:49.909000
1,1,18053,2016-05-07 19:38:49.737000,2016-05-07 19:38:49.909000
2,1,22371,2016-05-07 19:38:49.737000,2016-05-07 19:38:49.909000
3,1,18048,2016-05-07 19:38:49.738000,2016-05-07 19:38:49.909000
4,1,18048,2016-05-07 19:38:49.738000,2016-05-07 19:38:49.909000
0,1,18109,2016-05-07 19:39:53.834000,2016-05-07 19:39:53.983000
1,1,18053,2016-05-07 19:39:53.834000,2016-05-07 19:39:53.983000
2,1,22371,2016-05-07 19:39:53.834000,2016-05-07 19:39:53.983000
3,1,18048,2016-05-07 19:39:53.834000,2016-05-07 19:39:53.983000
4,1,18048,2016-05-07 19:39:53.834000,2016-05-07 19:39:53.983000
0,1,18109,2016-05-07 19:41:58.105000,2016-05-07 19:41:58.194000
1,1,18053,2016-05-07 19:41:58.105000,2016-05-07 19:41:58.194000
2,1,22371,2016-05-07 19:41:58.105000,2016-05-07 19:41:58.194000
3,1,18048,2016-05-07 19:41:58.105000,2016-05-07 19:41:58.194000
4,1,18048,2016-05-07 19:41:58.105000,2016-05-07 19:41:58.194000
0,1,18109,2016-05-07 19:43:25.262000,2016-05-07 19:43:25.356000
1,1,18053,2016-05-07 19:43:25.262000,2016-05-07 19:43:25.356000
2,1,22371,2016-05-07 19:43:25.262000,2016-05-07 19:43:25.356000
3,1,18048,2016-05-07 19:43:25.262000,2016-05-07 19:43:25.356000
4,1,18048,2016-05-07 19:43:25.262000,2016-05-07 19:43:25.356000
0,1,18109,2016-05-07 19:45:13.910000,2016-05-07 19:45:13.995000
1,1,18053,2016-05-07 19:45:13.911000,2016-05-07 19:45:13.995000
2,1,22371,2016-05-07 19:45:13.911000,2016-05-07 19:45:13.995000
3,1,18048,2016-05-07 19:45:13.911000,2016-05-07 19:45:13.995000
4,1,18048,2016-05-07 19:45:13.911000,2016-05-07 19:45:13.995000
0,1,18109,2016-05-07 19:46:29.471000,2016-05-07 19:46:29.591000
1,1,18053,2016-05-07 19:46:29.471000,2016-05-07 19:46:29.591000
2,1,22371,2016-05-07 19:46:29.471000,2016-05-07 19:46:29.591000
3,1,18048,2016-05-07 19:46:29.471000,2016-05-07 19:46:29.591000
4,1,18048,2016-05-07 19:46:29.471000,2016-05-07 19:46:29.591000
0,1,18109,2016-05-07 19:47:15.051000,2016-05-07 19:47:15.533000
1,1,18053,2016-05-07 19:47:15.051000,2016-05-07 19:47:15.533000
2,1,22371,2016-05-07 19:47:15.052000,2016-05-07 19:47:15.533000
3,1,18048,2016-05-07 19:47:15.052000,2016-05-07 19:47:15.533000
4,1,18048,2016-05-07 19:47:15.052000,2016-05-07 19:47:15.533000
0,1,18109,2016-05-07 19:50:24.209000,2016-05-07 19:50:24.362000
1,1,18053,2016-05-07 19:50:24.209000,2016-05-07 19:50:24.362000
2,1,22371,2016-05-07 19:50:24.209000,2016-05-07 19:50:24.362000
3,1,18048,2016-05-07 19:50:24.209000,2016-05-07 19:50:24.362000
4,1,18048,2016-05-07 19:50:24.210000,2016-05-07 19:50:24.362000
0,1,18109,2016-05-07 19:51:11.124000,2016-05-07 19:51:11.221000
1,1,18053,2016-05-07 19:51:11.124000,2016-05-07 19:51:11.221000
2,1,22371,2016-05-07 19:51:11.125000,2016-05-07 19:51:11.221000
3,1,18048,2016-05-07 19:51:11.125000,2016-05-07 19:51:11.221000
4,1,18048,2016-05-07 19:51:11.125000,2016-05-07 19:51:11.221000
0,1,18109,2016-05-07 19:51:56.137000,2016-05-07 19:51:56.256000
1,1,18053,2016-05-07 19:51:56.137000,2016-05-07 19:51:56.256000
2,1,22371,2016-05-07 19:51:56.138000,2016-05-07 19:51:56.256000
3,1,18048,2016-05-07 19:51:56.138000,2016-05-07 19:51:56.256000
4,1,18048,2016-05-07 19:51:56.138000,2016-05-07 19:51:56.256000
0,1,18109,2016-05-07 20:00:24.142000,2016-05-07 20:00:24.237000
1,1,18053,2016-05-07 20:00:24.143000,2016-05-07 20:00:24.237000
2,1,22371,2016-05-07 20:00:24.143000,2016-05-07 20:00:24.237000
3,1,18048,2016-05-07 20:00:24.143000,2016-05-07 20:00:24.237000
4,1,18048,2016-05-07 20:00:24.145000,2016-05-07 20:00:24.237000
0,1,18109,2016-05-07 20:07:03.637000,2016-05-07 20:07:03.743000
1,1,18053,2016-05-07 20:07:03.637000,2016-05-07 20:07:03.743000
2,1,22371,2016-05-07 20:07:03.637000,2016-05-07 20:07:03.743000
3,1,18048,2016-05-07 20:07:03.637000,2016-05-07 20:07:03.743000
4,1,18048,2016-05-07 20:07:03.637000,2016-05-07 20:07:03.743000
0,1,18109,2016-05-07 20:46:12.234000,2016-05-07 20:46:12.323000
1,1,18053,2016-05-07 20:46:12.234000,2016-05-07 20:46:12.323000
2,1,22371,2016-05-07 20:46:12.234000,2016-05-07 20:46:12.323000
3,1,18048,2016-05-07 20:46:12.234000,2016-05-07 20:46:12.323000
4,1,18048,2016-05-07 20:46:12.234000,2016-05-07 20:46:12.323000
0,1,18109,2016-05-07 20:46:59.355000,2016-05-07 20:46:59.436000
1,1,18053,2016-05-07 20:46:59.355000,2016-05-07 20:46:59.436000
2,1,22371,2016-05-07 20:46:59.356000,2016-05-07 20:46:59.436000
3,1,18048,2016-05-07 20:46:59.356000,2016-05-07 20:46:59.436000
4,1,18048,2016-05-07 20:46:59.356000,2016-05-07 20:46:59.436000
0,1,18109,2016-05-07 20:50:31.592000,2016-05-07 20:50:31.697000
1,1,18053,2016-05-07 20:50:31.593000,2016-05-07 20:50:31.697000
2,1,22371,2016-05-07 20:50:31.593000,2016-05-07 20:50:31.697000
3,1,18048,2016-05-07 20:50:31.593000,2016-05-07 20:50:31.697000
4,1,18048,2016-05-07 20:50:31.593000,2016-05-07 20:50:31.697000
0,1,18301,2016-05-07 22:18:59.895000,2016-05-07 22:19:00.050000
1,1,19203,2016-05-07 22:18:59.895000,2016-05-07 22:19:00.050000
2,1,19484,2016-05-07 22:18:59.896000,2016-05-07 22:19:00.050000
3,1,19432,2016-05-07 22:18:59.896000,2016-05-07 22:19:00.050000
4,1,19389,2016-05-07 22:18:59.896000,2016-05-07 22:19:00.050000
0,1,18301,2016-05-08 00:54:54.701000,2016-05-08 00:54:54.861000
1,1,19203,2016-05-08 00:54:54.702000,2016-05-08 00:54:54.861000
2,1,19484,2016-05-08 00:54:54.702000,2016-05-08 00:54:54.861000
3,1,19432,2016-05-08 00:54:54.702000,2016-05-08 00:54:54.861000
4,1,19389,2016-05-08 00:54:54.702000,2016-05-08 00:54:54.861000
0,1,18301,2016-05-08 00:58:01.678000,2016-05-08 00:58:01.743000
1,1,19203,2016-05-08 00:58:01.678000,2016-05-08 00:58:01.743000
2,1,19484,2016-05-08 00:58:01.678000,2016-05-08 00:58:01.743000
3,1,19432,2016-05-08 00:58:01.678000,2016-05-08 00:58:01.743000
4,1,19389,2016-05-08 00:58:01.678000,2016-05-08 00:58:01.743000
0,1,18301,2016-05-08 01:23:10.189000,2016-05-08 01:23:10.285000
1,1,19203,2016-05-08 01:23:10.189000,2016-05-08 01:23:10.285000
2,1,19484,2016-05-08 01:23:10.189000,2016-05-08 01:23:10.285000
3,1,19432,2016-05-08 01:23:10.189000,2016-05-08 01:23:10.285000
4,1,19389,2016-05-08 01:23:10.189000,2016-05-08 01:23:10.285000
0,1,18301,2016-05-08 01:33:27.059000,2016-05-08 01:33:27.143000
1,1,19203,2016-05-08 01:33:27.059000,2016-05-08 01:33:27.143000
2,1,19484,2016-05-08 01:33:27.059000,2016-05-08 01:33:27.143000
3,1,19432,2016-05-08 01:33:27.060000,2016-05-08 01:33:27.143000
4,1,19389,2016-05-08 01:33:27.060000,2016-05-08 01:33:27.143000
0,1,18301,2016-05-08 13:12:19.591000,2016-05-08 13:12:21.192000
1,1,19203,2016-05-08 13:12:19.591000,2016-05-08 13:12:21.192000
2,1,19484,2016-05-08 13:12:19.960000,2016-05-08 13:12:21.192000
3,1,19432,2016-05-08 13:12:19.960000,2016-05-08 13:12:21.192000
4,1,19389,2016-05-08 13:12:19.961000,2016-05-08 13:12:21.192000
0,1,18301,2016-05-08 13:17:06.664000,2016-05-08 13:17:06.758000
1,1,19203,2016-05-08 13:17:06.664000,2016-05-08 13:17:06.758000
2,1,19484,2016-05-08 13:17:06.665000,2016-05-08 13:17:06.758000
3,1,19432,2016-05-08 13:17:06.665000,2016-05-08 13:17:06.758000
4,1,19389,2016-05-08 13:17:06.665000,2016-05-08 13:17:06.758000
0,1,18301,2016-05-08 14:07:43.963000,2016-05-08 14:07:44.208000
1,1,19203,2016-05-08 14:07:43.963000,2016-05-08 14:07:44.209000
2,1,19484,2016-05-08 14:07:43.963000,2016-05-08 14:07:44.209000
3,1,19432,2016-05-08 14:07:43.963000,2016-05-08 14:07:44.209000
4,1,19389,2016-05-08 14:07:43.963000,2016-05-08 14:07:44.209000
0,1,18301,2016-05-08 14:23:03.559000,2016-05-08 14:23:03.961000
1,1,19203,2016-05-08 14:23:03.559000,2016-05-08 14:23:03.962000
2,1,19484,2016-05-08 14:23:03.559000,2016-05-08 14:23:03.962000
3,1,19432,2016-05-08 14:23:03.559000,2016-05-08 14:23:03.962000
4,1,19389,2016-05-08 14:23:03.559000,2016-05-08 14:23:03.962000
0,1,18301,2016-05-08 14:43:18.170000,2016-05-08 14:43:18.307000
1,1,19203,2016-05-08 14:43:18.170000,2016-05-08 14:43:18.307000
2,1,19484,2016-05-08 14:43:18.170000,2016-05-08 14:43:18.307000
3,1,19432,2016-05-08 14:43:18.170000,2016-05-08 14:43:18.307000
4,1,19389,2016-05-08 14:43:18.171000,2016-05-08 14:43:18.307000
0,1,18301,2016-05-08 14:55:15.895000,2016-05-08 14:55:16.060000
1,1,19203,2016-05-08 14:55:15.895000,2016-05-08 14:55:16.060000
2,1,19484,2016-05-08 14:55:15.895000,2016-05-08 14:55:16.060000
3,1,19432,2016-05-08 14:55:15.895000,2016-05-08 14:55:16.060000
4,1,19389,2016-05-08 14:55:15.895000,2016-05-08 14:55:16.060000
0,1,18301,2016-05-08 15:22:18.619000,2016-05-08 15:22:18.745000
1,1,19203,2016-05-08 15:22:18.619000,2016-05-08 15:22:18.745000
2,1,19484,2016-05-08 15:22:18.619000,2016-05-08 15:22:18.745000
3,1,19432,2016-05-08 15:22:18.619000,2016-05-08 15:22:18.745000
4,1,19389,2016-05-08 15:22:18.619000,2016-05-08 15:22:18.745000
0,1,18301,2016-05-08 15:33:43.516000,2016-05-08 15:33:43.621000
1,1,19203,2016-05-08 15:33:43.517000,2016-05-08 15:33:43.621000
2,1,19484,2016-05-08 15:33:43.517000,2016-05-08 15:33:43.621000
3,1,19432,2016-05-08 15:33:43.517000,2016-05-08 15:33:43.621000
4,1,19389,2016-05-08 15:33:43.517000,2016-05-08 15:33:43.622000
0,1,18301,2016-05-08 15:42:19.360000,2016-05-08 15:42:19.517000
1,1,19203,2016-05-08 15:42:19.360000,2016-05-08 15:42:19.518000
2,1,19484,2016-05-08 15:42:19.360000,2016-05-08 15:42:19.518000
3,1,19432,2016-05-08 15:42:19.361000,2016-05-08 15:42:19.518000
4,1,19389,2016-05-08 15:42:19.361000,2016-05-08 15:42:19.518000
0,1,18301,2016-05-08 15:45:21.886000,2016-05-08 15:45:21.998000
1,1,19203,2016-05-08 15:45:21.886000,2016-05-08 15:45:21.998000
2,1,19484,2016-05-08 15:45:21.886000,2016-05-08 15:45:21.998000
3,1,19432,2016-05-08 15:45:21.886000,2016-05-08 15:45:21.998000
4,1,19389,2016-05-08 15:45:21.886000,2016-05-08 15:45:21.998000
0,1,18301,2016-05-09 14:15:43.324000,2016-05-09 14:15:43.502000
1,1,19203,2016-05-09 14:15:43.324000,2016-05-09 14:15:43.502000
2,1,19484,2016-05-09 14:15:43.324000,2016-05-09 14:15:43.502000
3,1,19432,2016-05-09 14:15:43.324000,2016-05-09 14:15:43.502000
4,1,19389,2016-05-09 14:15:43.324000,2016-05-09 14:15:43.502000
0,1,18301,2016-05-09 16:20:28.188000,2016-05-09 16:20:28.377000
1,1,19203,2016-05-09 16:20:28.188000,2016-05-09 16:20:28.377000
2,1,19484,2016-05-09 16:20:28.188000,2016-05-09 16:20:28.377000
3,1,19432,2016-05-09 16:20:28.189000,2016-05-09 16:20:28.377000
4,1,19389,2016-05-09 16:20:28.189000,2016-05-09 16:20:28.377000
0,1,18301,2016-05-09 16:52:35.881000,2016-05-09 16:52:35.962000
1,1,19203,2016-05-09 16:52:35.881000,2016-05-09 16:52:35.962000
2,1,19484,2016-05-09 16:52:35.881000,2016-05-09 16:52:35.962000
3,1,19432,2016-05-09 16:52:35.881000,2016-05-09 16:52:35.962000
4,1,19389,2016-05-09 16:52:35.881000,2016-05-09 16:52:35.962000
0,1,18301,2016-06-04 14:25:00.842000,2016-06-04 14:25:01.030000
1,1,19203,2016-06-04 14:25:00.842000,2016-06-04 14:25:01.030000
2,1,19484,2016-06-04 14:25:00.842000,2016-06-04 14:25:01.030000
3,1,19432,2016-06-04 14:25:00.842000,2016-06-04 14:25:01.030000
4,1,19389,2016-06-04 14:25:00.842000,2016-06-04 14:25:01.030000
0,1,18301,2016-06-04 15:05:12.131000,2016-06-04 15:05:12.198000
1,1,19203,2016-06-04 15:05:12.131000,2016-06-04 15:05:12.198000
2,1,19484,2016-06-04 15:05:12.131000,2016-06-04 15:05:12.198000
3,1,19432,2016-06-04 15:05:12.131000,2016-06-04 15:05:12.198000
4,1,19389,2016-06-04 15:05:12.131000,2016-06-04 15:05:12.198000
