1,ninja.zip,23182,,2016-04-26 00:10:32.699000,started,2016-04-26 00:10:33.402000
2,projectalpha.zip,151250,,2016-04-26 00:10:57.606000,started,2016-04-26 00:10:58.552000
1,ninja.zip,23182,shahid,2016-05-06 20:05:06.481000,started,2016-05-06 20:05:07.783000
1,ninja.zip,23182,shahid,2016-05-06 20:06:23.685000,started,2016-05-06 20:06:24.066000
1,ninja.zip,23182,shahid,2016-05-06 20:09:08.797000,started,2016-05-06 20:09:09.316000
1,ninja.zip,23182,shahid,2016-05-06 20:12:54.412000,started,2016-05-06 20:12:54.894000
1,ninja.zip,23182,shahid,2016-05-06 20:53:52.288000,started,2016-05-06 20:53:52.832000
1,ninja.zip,23182,shahid,2016-05-06 21:58:09.826000,started,2016-05-06 21:58:10.319000
1,ninja.zip,23182,shahid,2016-05-06 22:00:49.280000,started,2016-05-06 22:00:49.804000
1,ninja.zip,23182,shahid,2016-05-06 22:03:16.506000,started,2016-05-06 22:03:17.047000
2,ninja.zip,23182,,2016-05-07 13:47:22.981000,started,2016-05-07 13:47:23.399000
1,ninja.zip,23182,,2016-05-07 13:50:34.707000,started,2016-05-07 13:50:35.202000
1,ninja.zip,23182,,2016-05-07 14:38:14.172000,started,2016-05-07 14:38:14.704000
1,ninja.zip,23182,,2016-05-07 14:53:30.562000,started,2016-05-07 14:53:31.171000
1,ninja.zip,23182,,2016-05-07 15:08:04.539000,started,2016-05-07 15:08:05.069000
1,ninja.zip,23182,,2016-05-07 15:17:50.476000,started,2016-05-07 15:17:51.039000
1,ninja.zip,23182,,2016-05-07 15:21:48.280000,started,2016-05-07 15:21:48.859000
1,ninja.zip,23182,,2016-05-07 15:23:48.165000,started,2016-05-07 15:23:48.560000
1,ninja.zip,23182,,2016-05-07 15:28:04.321000,started,2016-05-07 15:28:04.789000
1,ninja.zip,23182,,2016-05-07 15:31:43.258000,started,2016-05-07 15:31:43.687000
1,ninja.zip,23182,,2016-05-07 15:33:20.137000,started,2016-05-07 15:33:20.749000
1,ninja.zip,23182,,2016-05-07 15:36:52.953000,started,2016-05-07 15:36:53.790000
1,ninja.zip,23182,,2016-05-07 15:39:14.388000,started,2016-05-07 15:39:14.929000
1,ninja.zip,23182,,2016-05-07 15:40:19.619000,started,2016-05-07 15:40:20.051000
1,ninja.zip,23182,,2016-05-07 15:46:41.124000,started,2016-05-07 15:46:41.652000
1,ninja.zip,23182,,2016-05-07 16:12:20.906000,started,2016-05-07 16:12:21.404000
1,ninja.zip,23182,,2016-05-07 16:30:35.166000,started,2016-05-07 16:30:35.774000
1,ninja.zip,23182,,2016-05-07 16:31:41.690000,started,2016-05-07 16:31:42.054000
1,ninja.zip,23182,,2016-05-07 16:32:44.886000,started,2016-05-07 16:32:45.315000
1,ninja.zip,23182,,2016-05-07 16:34:58.471000,started,2016-05-07 16:34:58.996000
1,ninja.zip,23182,,2016-05-07 16:37:07.944000,started,2016-05-07 16:37:08.510000
1,ninja.zip,23182,,2016-05-07 16:41:11.727000,started,2016-05-07 16:41:12.105000
1,ninja.zip,23182,,2016-05-07 16:47:50.630000,started,2016-05-07 16:47:51.396000
1,ninja.zip,23182,,2016-05-07 16:49:57.428000,started,2016-05-07 16:49:57.949000
1,ninja.zip,23182,,2016-05-07 16:56:31.580000,started,2016-05-07 16:56:32.108000
1,ninja.zip,23182,,2016-05-07 17:07:21.894000,started,2016-05-07 17:07:22.459000
1,ninja.zip,23182,,2016-05-07 17:10:22.372000,started,2016-05-07 17:10:22.793000
1,ninja.zip,23182,,2016-05-07 17:11:11.403000,started,2016-05-07 17:11:11.949000
1,ninja.zip,23182,,2016-05-07 17:12:39.951000,started,2016-05-07 17:12:40.336000
1,ninja.zip,23182,,2016-05-07 17:17:02.044000,started,2016-05-07 17:17:02.559000
1,ninja.zip,23182,,2016-05-07 17:18:33.824000,started,2016-05-07 17:18:34.314000
1,ninja.zip,23182,,2016-05-07 19:35:15.530000,started,2016-05-07 19:35:16.228000
1,ninja.zip,23182,,2016-05-07 19:38:49.417000,started,2016-05-07 19:38:49.881000
1,ninja.zip,23182,,2016-05-07 19:39:53.522000,started,2016-05-07 19:39:53.968000
1,ninja.zip,23182,,2016-05-07 19:41:57.807000,started,2016-05-07 19:41:58.183000
1,ninja.zip,23182,,2016-05-07 19:43:24.967000,started,2016-05-07 19:43:25.341000
1,ninja.zip,23182,,2016-05-07 19:45:13.518000,started,2016-05-07 19:45:13.984000
1,ninja.zip,23182,,2016-05-07 19:46:29.171000,started,2016-05-07 19:46:29.580000
1,ninja.zip,23182,,2016-05-07 19:47:14.758000,started,2016-05-07 19:47:15.521000
1,ninja.zip,23182,,2016-05-07 19:50:23.887000,started,2016-05-07 19:50:24.334000
1,ninja.zip,23182,,2016-05-07 19:51:10.521000,started,2016-05-07 19:51:11.211000
1,ninja.zip,23182,,2016-05-07 19:51:55.807000,started,2016-05-07 19:51:56.241000
1,ninja.zip,23182,,2016-05-07 20:00:23.811000,started,2016-05-07 20:00:24.226000
1,ninja.zip,23182,,2016-05-07 20:07:03.316000,started,2016-05-07 20:07:03.730000
1,ninja.zip,23182,,2016-05-07 20:46:11.892000,started,2016-05-07 20:46:12.312000
1,ninja.zip,23182,,2016-05-07 20:46:58.980000,started,2016-05-07 20:46:59.425000
1,ninja.zip,23182,,2016-05-07 20:50:31.269000,started,2016-05-07 20:50:31.686000
1,ninja.zip,20071,,2016-05-07 22:18:59.500000,started,2016-05-07 22:19:00.036000
1,ninja.zip,20071,,2016-05-08 00:54:54.400000,started,2016-05-08 00:54:54.833000
1,ninja.zip,20071,,2016-05-08 00:58:01.353000,started,2016-05-08 00:58:01.732000
1,ninja.zip,20071,,2016-05-08 01:23:09.786000,started,2016-05-08 01:23:10.270000
1,ninja.zip,20071,,2016-05-08 01:33:26.836000,started,2016-05-08 01:33:27.131000
1,ninja.zip,20071,,2016-05-08 13:12:19.309000,started,2016-05-08 13:12:21.156000
1,ninja.zip,20071,,2016-05-08 13:17:06.393000,started,2016-05-08 13:17:06.746000
1,ninja.zip,20071,,2016-05-08 14:07:43.613000,started,2016-05-08 14:07:44.196000
1,ninja.zip,20071,,2016-05-08 14:23:03.258000,started,2016-05-08 14:23:03.944000
1,ninja.zip,20071,,2016-05-08 14:43:17.865000,started,2016-05-08 14:43:18.296000
1,ninja.zip,20071,,2016-05-08 14:55:15.584000,started,2016-05-08 14:55:16.047000
1,ninja.zip,20071,,2016-05-08 15:22:18.288000,started,2016-05-08 15:22:18.734000
1,ninja.zip,20071,,2016-05-08 15:33:43.209000,started,2016-05-08 15:33:43.610000
1,ninja.zip,20071,,2016-05-08 15:42:19.047000,started,2016-05-08 15:42:19.506000
1,ninja.zip,20071,,2016-05-08 15:45:21.507000,started,2016-05-08 15:45:21.985000
1,ninja.zip,20071,,2016-05-09 14:15:42.959000,started,2016-05-09 14:15:43.457000
1,ninja.zip,20071,shahid,2016-05-09 16:20:27.872000,started,2016-05-09 16:20:28.329000
1,ninja.zip,20071,shahid,2016-05-09 16:52:35.603000,started,2016-05-09 16:52:35.949000
1,ninja.zip,20071,,2016-06-04 14:25:00.501000,started,2016-06-04 14:25:00.978000
1,ninja.zip,20075,,2016-06-04 15:05:11.956000,started,2016-06-04 15:05:12.192000
